005930,삼성전자
000660,SK하이닉스
005380,현대차
068270,셀트리온
051910,LG화학
207940,삼성바이오로직스
005490,POSCO
028260,삼성물산
035420,NAVER
012330,현대모비스
015760,한국전력
017670,SK텔레콤
055550,신한지주
051900,LG생활건강
105560,KB금융
034730,SK
032830,삼성생명
096770,SK이노베이션
018260,삼성에스디에스
006400,삼성SDI
000270,기아차
033780,KT&G
003550,LG
000810,삼성화재
010950,S-Oil
086790,하나금융지주
066570,LG전자
011170,롯데케미칼
090430,아모레퍼시픽
036570,엔씨소프트
009540,현대중공업
000030,우리은행
251270,넷마블
009150,삼성전기
035720,카카오
010130,고려아연
024110,기업은행
030200,KT
035250,강원랜드
034220,LG디스플레이
000720,현대건설
004020,현대제철
018880,한온시스템
032640,LG유플러스
021240,코웨이
267250,현대중공업지주
023530,롯데쇼핑
010140,삼성중공업
002790,아모레G
004990,롯데지주
161390,한국타이어
139480,이마트
086280,현대글로비스
097950,CJ제일제당
036460,한국가스공사
128940,한미약품
078930,GS
006800,미래에셋대우
005830,DB손해보험
008930,한미사이언스
271560,오리온
012750,에스원
005940,NH투자증권
042660,대우조선해양
000120,CJ대한통운
006360,GS건설
029780,삼성카드
088350,한화생명
000210,대림산업
009830,한화케미칼
071050,한국금융지주
003490,대한항공
001040,CJ
002380,KCC
241560,두산밥캣
001450,현대해상
003410,쌍용양회
047810,한국항공우주
028050,삼성엔지니어링
282330,BGF리테일
000100,유한양행
017800,현대엘리베이
016360,삼성증권
008770,호텔신라
007070,GS리테일
007310,오뚜기
011780,금호석유
008560,메리츠종금증권
010620,현대미포조선
004170,신세계
030000,제일기획
000880,한화
028670,팬오션
010060,OCI
047050,포스코대우
138930,BNK금융지주
011070,LG이노텍
064350,현대로템
294870,HDC현대산업개발
069960,현대백화점
047040,대우건설
069620,대웅제약
000150,두산
026960,동서
020150,일진머티리얼즈
042670,두산인프라코어
006260,LS
009420,한올바이오파마
004370,농심
009240,한샘
120110,코오롱인더
012450,한화에어로스페이스
114090,GKL
010120,LS산전
204320,만도
006280,녹십자
051600,한전KPS
111770,영원무역
003240,태광산업
161890,한국콜마
000240,한국타이어월드와이드
011790,SKC
073240,금호타이어
004800,효성
001740,SK네트웍스
214320,이노션
000670,영풍
005440,현대그린푸드
034020,두산중공업
057050,현대홈쇼핑
192820,코스맥스
071840,롯데하이마트
004000,롯데정밀화학
011210,현대위아
000080,하이트진로
001800,오리온홀딩스
005300,롯데칠성
012630,HDC
005250,녹십자홀딩스
185750,종근당
006650,대한유화
003000,부광약품
003520,영진약품
115390,락앤락
049770,동원F&B
005610,SPC삼립
014680,한솔케미칼
052690,한전기술
002350,넥센타이어
069260,휴켐스
010780,아이에스동서
020000,한섬
192400,쿠쿠홀딩스
079160,CJ CGV
001680,대상
170900,동아에스티
103140,풍산
105630,한세실업
008060,대덕전자
001230,동국제강
001060,JW중외제약
285130,SK케미칼
093370,후성
027410,BGF
014820,동원시스템즈
079550,LIG넥스원
002270,롯데푸드
000070,삼양홀딩스
093050,LF
025860,남해화학
005850,에스엘
003620,쌍용차
005180,빙그레
001120,LG상사
006840,AK홀딩스
000640,동아쏘시오홀딩스
001430,세아베스틸
108670,LG하우시스
145990,삼양사
000990,DB하이텍
007570,일양약품
019680,대교
006120,SK디스커버리
004490,세방전지
064960,S&T모티브
002240,고려제강
001520,동양
060980,한라홀딩스
096760,JW홀딩스
003920,남양유업
003850,보령제약
298040,효성중공업
025540,한국단자
002960,한국쉘석유
034120,SBS
014830,유니드
079430,현대리바트
033920,무학
003300,한일홀딩스
036580,팜스코
097230,한진중공업
