Date,Close,Open,High,Low,Volume,Change
2015-01-02,244.79,243.96,245.32,243.25,54150.0,0.003
2015-01-05,244.26,243.83,244.56,241.76,62850.0,-0.0022
2015-01-06,239.93,241.36,242.06,239.32,66250.0,-0.0177
2015-01-07,240.53,239.41,240.91,239.09,54600.0,0.0025
2015-01-08,243.94,242.28,244.13,241.68,64019.99999999999,0.014199999999999999
2015-01-09,246.05,245.97,247.11,245.4,65129.99999999999,0.0086
2015-01-12,245.7,245.16,246.27,245.05,64519.99999999999,-0.0014000000000000002
2015-01-13,246.29,244.98,246.64,244.47,59910.0,0.0024
2015-01-14,245.99,246.48,247.46,245.78,70780.0,-0.0012
2015-01-15,245.76,245.96,246.63,244.9,59450.0,-0.0009
2015-01-16,242.22,244.7,244.7,241.77,73310.0,-0.0144
2015-01-19,244.78,244.06,245.82,243.69,63220.0,0.0106
2015-01-20,247.24,245.52,247.39,245.5,55120.0,0.01
2015-01-21,248.59,247.01,248.59,246.63,64989.99999999999,0.0055000000000000005
2015-01-22,248.47,249.22,249.98,248.01,76610.0,-0.0005
2015-01-23,250.32,251.76,251.8,249.55,78370.0,0.0074
2015-01-26,250.14,248.92,250.21,248.42,62740.0,-0.0007000000000000001
2015-01-27,252.2,250.76,252.2,250.56,85050.0,0.008199999999999999
2015-01-28,252.21,250.82,252.5,250.12,85190.0,0.0
2015-01-29,250.46,250.45,251.84,249.78,83370.0,-0.0069
2015-01-30,249.88,251.82,251.84,249.88,93070.0,-0.0023
2015-02-02,250.61,249.83,251.2,249.49,76490.0,0.0029
2015-02-03,250.38,251.63,251.66,249.22,79090.0,-0.0009
2015-02-04,251.6,251.98,253.07,251.6,78230.0,0.0049
2015-02-05,249.78,251.33,251.42,248.9,69970.0,-0.0072
2015-02-06,250.16,249.89,250.16,248.68,76080.0,0.0015
2015-02-09,249.26,249.05,249.94,248.58,64830.0,-0.0036
2015-02-10,247.66,249.62,250.42,247.66,62810.0,-0.0064
2015-02-11,248.4,248.49,249.01,247.77,64780.0,0.003
2015-02-12,247.71,248.48,248.5,246.32,66380.0,-0.0028000000000000004
2015-02-13,249.76,248.65,249.76,248.26,63130.0,0.0083
2015-02-16,249.81,250.17,250.55,249.54,52100.0,0.0002
2015-02-17,250.37,249.36,250.67,248.92,55680.0,0.0022
2015-02-23,250.8,252.13,252.51,250.56,58970.0,0.0017000000000000001
2015-02-24,251.28,251.83,252.11,251.09,61660.0,0.0019
2015-02-25,252.96,252.72,253.22,252.01,79620.0,0.0067
2015-02-26,252.93,253.03,253.13,251.89,79380.0,-0.0001
2015-02-27,251.46,252.73,252.83,251.2,80290.0,-0.0058
2015-03-02,253.65,253.13,253.74,252.39,92830.0,0.0087
2015-03-03,254.5,254.55,254.97,253.89,87500.0,0.0034000000000000002
2015-03-04,254.31,254.56,254.72,253.89,72310.0,-0.0007000000000000001
2015-03-05,254.16,254.02,254.86,253.64,58420.0,-0.0006
2015-03-06,255.96,254.74,256.15,254.73,83130.0,0.0070999999999999995
2015-03-09,252.77,254.81,254.94,252.69,65400.00000000001,-0.0125
2015-03-10,251.75,253.76,254.16,251.75,76300.0,-0.004
2015-03-11,252.16,250.09,252.66,250.09,79670.0,0.0016
2015-03-12,250.28,251.67,253.23,250.28,98650.0,-0.0075
2015-03-13,252.18,252.56,253.31,251.98,66610.0,0.0076
2015-03-16,252.44,252.13,253.2,251.56,72870.0,0.001
2015-03-17,258.18,253.77,258.19,253.7,85120.0,0.0227
2015-03-18,258.22,258.45,259.19,257.87,85370.0,0.0002
2015-03-19,258.99,260.68,260.68,258.37,120600.0,0.003
2015-03-20,258.7,258.92,259.32,257.42,81300.0,-0.0011
2015-03-23,258.95,259.48,259.88,258.16,84490.0,0.001
2015-03-24,259.16,258.58,259.34,257.56,71440.0,0.0008
2015-03-25,258.94,259.35,259.84,258.38,84760.0,-0.0008
2015-03-26,255.99,256.69,258.08,255.81,78160.0,-0.011399999999999999
2015-03-27,255.54,256.41,256.73,255.1,72670.0,-0.0018
2015-03-30,256.1,256.45,256.57,254.91,68980.0,0.0022
2015-03-31,257.28,257.66,258.43,256.16,83460.0,0.0046
2015-04-01,254.97,256.44,256.75,254.74,83090.0,-0.009000000000000001
2015-04-02,254.99,256.07,256.37,254.7,76750.0,0.0001
2015-04-03,256.75,255.77,256.92,255.05,67530.0,0.0069
2015-04-06,256.93,257.2,258.43,256.34,79390.0,0.0007000000000000001
2015-04-07,256.88,258.65,258.68,256.61,74990.0,-0.0002
2015-04-08,258.51,257.09,258.81,256.83,99680.0,0.0063
2015-04-09,258.33,258.44,259.21,257.61,85940.0,-0.0007000000000000001
2015-04-10,261.95,259.35,262.2,259.2,104470.0,0.013999999999999999
2015-04-13,263.48,262.62,263.75,262.11,123220.0,0.0058
2015-04-14,265.57,263.81,265.6,263.2,151050.0,0.0079
2015-04-15,265.77,265.76,266.41,264.93,111940.0,0.0008
2015-04-16,268.45,267.67,268.45,266.42,113930.0,0.0101
2015-04-17,268.28,268.73,268.81,267.42,90560.0,-0.0006
2015-04-20,268.55,266.14,268.59,266.14,100120.0,0.001
2015-04-21,268.17,269.03,269.13,267.56,102400.0,-0.0014000000000000002
2015-04-22,268.64,268.2,270.65,267.22,136290.0,0.0018
2015-04-23,272.59,270.27,272.78,268.85,134660.0,0.0147
2015-04-24,271.05,273.81,275.11,270.33,144050.0,-0.005600000000000001
2015-04-27,270.05,272.16,272.29,269.29,92880.0,-0.0037
2015-04-28,268.55,270.63,270.93,268.1,100580.0,-0.005600000000000001
2015-04-29,268.03,269.54,269.76,265.92,117330.0,-0.0019
2015-04-30,266.42,267.04,267.57,265.85,106980.0,-0.006
2015-05-04,267.33,267.57,268.56,266.99,81080.0,0.0034000000000000002
2015-05-06,264.03,265.96,266.18,263.09,103580.0,-0.0123
2015-05-07,262.47,263.11,263.49,260.1,97360.0,-0.0059
2015-05-08,260.81,262.11,262.72,260.81,69310.0,-0.0063
2015-05-11,261.49,263.45,263.88,261.49,71250.0,0.0026
2015-05-12,261.42,262.12,262.35,260.52,78810.0,-0.0003
2015-05-13,263.25,261.82,263.65,261.73,73270.0,0.006999999999999999
2015-05-14,263.69,263.18,263.88,262.63,74920.0,0.0017000000000000001
2015-05-15,261.33,265.24,265.51,261.09,82260.0,-0.0089
2015-05-18,261.97,261.28,261.97,260.45,81470.0,0.0024
2015-05-19,262.92,261.84,263.97,261.04,87590.0,0.0036
2015-05-20,265.36,263.79,265.54,263.43,92550.0,0.009300000000000001
2015-05-21,262.66,265.2,265.38,262.41,84420.0,-0.0102
2015-05-22,266.03,263.66,266.03,263.28,99740.0,0.0128
2015-05-26,265.41,265.96,266.16,263.82,100610.0,-0.0023
2015-05-27,260.16,263.9,264.22,259.72,103090.0,-0.019799999999999998
2015-05-28,260.06,261.13,261.93,260.06,93500.0,-0.0004
2015-05-29,260.39,259.88,261.91,259.47,106340.0,0.0013
2015-06-01,258.74,259.84,260.0,257.13,80710.0,-0.0063
2015-06-02,256.29,258.8,259.49,255.91,114420.0,-0.0095
2015-06-03,254.11,256.54,257.44,253.51,104070.0,-0.0085
2015-06-04,255.47,255.4,257.04,254.34,101270.0,0.0054
2015-06-05,254.94,254.09,256.12,254.0,94580.0,-0.0021
2015-06-08,254.21,254.87,254.87,253.34,84660.0,-0.0029
2015-06-09,253.51,253.78,255.06,252.68,79050.0,-0.0028000000000000004
2015-06-10,252.11,255.5,255.68,251.95,85550.0,-0.0055000000000000005
2015-06-11,252.32,253.77,253.83,251.74,129130.0,0.0008
2015-06-12,251.66,253.94,254.77,250.84,89310.0,-0.0026
2015-06-15,250.74,250.14,251.37,249.38,67760.0,-0.0037
2015-06-16,248.49,250.94,251.0,246.42,93160.0,-0.009000000000000001
2015-06-17,249.08,249.27,249.53,247.52,71020.0,0.0024
2015-06-18,249.67,250.42,251.26,248.92,73000.0,0.0024
2015-06-19,249.84,251.37,251.41,249.79,88050.0,0.0007000000000000001
2015-06-22,250.99,251.6,252.69,250.45,64170.0,0.0046
2015-06-23,254.52,253.25,255.42,252.52,83600.0,0.0141
2015-06-24,254.94,255.01,255.24,253.79,72510.0,0.0017000000000000001
2015-06-25,253.8,253.84,254.66,253.42,80940.0,-0.0045000000000000005
2015-06-26,254.48,253.29,255.35,252.89,83210.0,0.0027
2015-06-29,251.26,250.61,251.96,250.36,89000.0,-0.0127
2015-06-30,252.27,250.52,252.39,250.2,74410.0,0.004
2015-07-01,255.07,252.49,255.52,251.65,85790.0,0.0111
2015-07-02,255.5,255.84,256.12,254.75,90090.0,0.0017000000000000001
2015-07-03,254.66,255.34,255.62,253.56,98710.0,-0.0033
2015-07-06,248.3,251.25,252.54,248.03,166950.0,-0.025
2015-07-07,248.05,249.57,249.86,246.56,149360.0,-0.001
2015-07-08,244.94,248.65,248.66,244.94,118840.0,-0.0125
2015-07-09,246.77,243.17,246.77,241.49,107120.0,0.0075
2015-07-10,246.83,247.8,247.8,246.08,101710.0,0.0002
2015-07-13,249.84,247.0,250.12,246.64,118990.0,0.012199999999999999
2015-07-14,248.64,250.7,250.79,247.98,107050.0,-0.0048
2015-07-15,249.65,249.63,250.94,248.38,188370.0,0.0040999999999999995
2015-07-16,251.47,249.51,251.59,249.3,150450.0,0.0073
2015-07-17,250.23,253.05,253.15,249.02,133780.0,-0.0049
2015-07-20,248.91,250.02,250.52,248.43,95330.0,-0.0053
2015-07-21,250.35,249.93,251.15,248.57,108290.0,0.0058
2015-07-22,247.88,248.69,249.42,247.04,96060.0,-0.009899999999999999
2015-07-23,247.31,248.3,248.39,246.46,96300.0,-0.0023
2015-07-24,244.91,246.66,246.67,244.38,95760.0,-0.0097
2015-07-27,244.98,243.58,246.16,243.54,98470.0,0.0003
2015-07-28,245.21,243.82,246.1,242.86,97430.0,0.0009
2015-07-29,245.97,246.75,247.36,245.73,85210.0,0.0031
2015-07-30,243.61,246.01,246.5,243.61,106340.0,-0.0096
2015-07-31,244.3,244.62,244.9,241.87,95350.0,0.0028000000000000004
2015-08-03,241.48,243.71,243.71,241.06,79210.0,-0.0115
2015-08-04,243.55,241.46,243.56,241.42,71970.0,0.0086
2015-08-05,243.12,243.5,244.05,242.33,75480.0,-0.0018
2015-08-06,240.04,243.85,243.86,239.98,84490.0,-0.0127
2015-08-07,239.79,239.71,240.15,238.66,61300.0,-0.001
2015-08-10,239.18,239.54,239.58,238.07,64390.0,-0.0025
2015-08-11,237.91,241.23,241.92,237.85,96680.0,-0.0053
2015-08-12,237.24,237.06,238.65,234.75,103290.0,-0.0028000000000000004
2015-08-13,237.32,237.02,238.38,235.79,80880.0,0.0003
2015-08-17,235.37,238.22,238.28,235.35,61980.0,-0.008199999999999999
2015-08-18,235.2,236.69,236.95,234.98,78970.0,-0.0007000000000000001
2015-08-19,234.27,235.49,236.22,232.47,104790.0,-0.004
2015-08-20,231.59,233.28,233.55,231.16,78670.0,-0.011399999999999999
2015-08-21,227.14,226.06,228.53,225.18,104150.0,-0.0192
2015-08-24,221.53,225.16,226.58,217.52,116370.0,-0.024700000000000003
2015-08-25,223.07,222.56,225.69,218.6,140960.0,0.006999999999999999
2015-08-26,227.71,222.49,228.14,221.3,139390.0,0.0208
2015-08-27,228.94,229.78,230.34,228.11,107370.0,0.0054
2015-08-28,232.35,231.81,232.55,231.1,101460.0,0.0149
2015-08-31,232.8,231.56,232.8,230.53,97990.0,0.0019
2015-09-01,229.55,231.86,232.5,229.51,77920.0,-0.013999999999999999
2015-09-02,229.91,226.36,230.71,226.03,79280.0,0.0016
2015-09-03,230.4,231.52,231.77,229.58,73800.0,0.0021
2015-09-04,227.9,231.23,231.38,227.11,67220.0,-0.0109
2015-09-07,227.31,227.53,228.71,226.13,58980.0,-0.0026
2015-09-08,227.76,227.97,228.61,226.61,82250.0,0.002
2015-09-09,234.4,230.54,234.4,230.5,82870.0,0.0292
2015-09-10,237.18,232.34,237.18,231.96,95430.0,0.011899999999999999
2015-09-11,233.74,234.52,235.54,233.61,65040.00000000001,-0.014499999999999999
2015-09-14,233.06,234.45,234.56,231.65,60760.0,-0.0029
2015-09-15,233.59,232.91,233.91,232.49,55630.0,0.0023
2015-09-16,238.78,234.89,239.29,234.77,89240.0,0.0222
2015-09-17,239.29,240.35,240.35,238.51,85410.0,0.0021
2015-09-18,241.12,239.01,241.3,236.93,84510.0,0.0076
2015-09-21,236.72,238.06,239.11,236.3,52060.0,-0.0182
2015-09-22,238.68,237.84,239.05,236.74,62130.0,0.0083
2015-09-23,234.26,235.85,237.02,234.25,71150.0,-0.018500000000000003
2015-09-24,234.26,235.65,235.96,233.9,56940.0,0.0
2015-09-25,233.79,234.48,234.99,232.66,53230.0,-0.002
2015-09-30,236.71,230.45,236.73,230.34,76010.0,0.0125
2015-10-01,238.62,236.6,239.61,235.83,62050.0,0.008100000000000001
2015-10-02,237.15,238.39,239.17,237.15,65099.99999999999,-0.0062
2015-10-05,237.98,238.45,240.14,237.61,63860.0,0.0034999999999999996
2015-10-06,240.18,240.28,240.58,239.1,66710.0,0.0092
2015-10-07,243.52,241.14,243.6,241.13,63800.0,0.0139
2015-10-08,246.02,244.82,246.02,243.25,74520.0,0.0103
2015-10-12,246.49,246.16,247.49,245.29,104490.0,0.0019
2015-10-13,246.04,246.22,247.04,245.1,71240.0,-0.0018
2015-10-14,244.94,245.43,245.74,243.91,69340.0,-0.0045000000000000005
2015-10-15,247.89,244.82,248.53,244.69,70560.0,0.012
2015-10-16,247.37,248.34,248.35,246.71,66050.0,-0.0021
2015-10-19,247.47,247.49,248.19,246.44,54640.0,0.0004
2015-10-20,248.53,247.57,248.72,247.07,78290.0,0.0043
2015-10-21,249.25,248.4,250.59,247.93,83570.0,0.0029
2015-10-22,247.22,249.04,249.43,246.69,89010.0,-0.008100000000000001
2015-10-23,249.41,249.82,251.32,248.97,80980.0,0.0089
2015-10-26,250.36,250.58,250.63,249.38,67720.0,0.0038
2015-10-27,250.04,249.52,250.18,248.71,64319.99999999999,-0.0013
2015-10-28,249.79,250.03,250.03,248.33,87710.0,-0.001
2015-10-29,248.93,251.19,253.41,248.85,138190.0,-0.0034000000000000002
2015-10-30,249.41,249.2,250.87,248.83,76800.0,0.0019
2015-11-02,250.6,249.86,250.66,249.33,61870.0,0.0048
2015-11-03,252.12,251.44,252.94,251.33,92480.0,0.0060999999999999995
2015-11-04,252.33,252.74,253.22,251.11,60770.0,0.0008
2015-11-05,251.79,251.77,252.13,250.58,60050.0,-0.0021
2015-11-06,250.25,251.53,252.05,249.8,76270.0,-0.0060999999999999995
2015-11-09,249.21,249.87,250.01,248.29,75320.0,-0.0042
2015-11-10,245.86,247.77,247.84,244.94,77450.0,-0.0134
2015-11-11,245.86,245.47,246.65,244.13,64209.99999999999,0.0
2015-11-12,245.14,245.73,245.97,245.0,49480.0,-0.0029
2015-11-13,242.71,243.16,243.98,242.56,59940.0,-0.009899999999999999
2015-11-16,238.87,239.41,240.81,238.84,98790.0,-0.0158
2015-11-17,241.26,241.99,242.93,240.93,62910.0,0.01
2015-11-18,241.44,241.76,242.65,241.16,80100.0,0.0007000000000000001
2015-11-19,244.79,243.1,244.79,242.54,73730.0,0.0139
2015-11-20,244.8,244.74,245.5,244.31,97650.0,0.0
2015-11-23,245.92,245.48,246.86,244.94,69100.0,0.0046
2015-11-24,247.51,245.96,248.05,245.77,69430.0,0.006500000000000001
2015-11-25,246.58,247.79,247.85,246.45,70520.0,-0.0038
2015-11-26,249.43,247.21,249.91,247.21,84300.0,0.0116
2015-11-27,249.07,250.46,250.6,248.93,66680.0,-0.0014000000000000002
2015-11-30,244.24,248.3,248.4,243.85,117530.0,-0.0194
2015-12-01,248.7,245.47,249.08,245.39,61340.0,0.0183
2015-12-02,246.6,248.9,249.0,246.6,55560.0,-0.0084
2015-12-03,244.68,245.46,245.49,243.12,49720.0,-0.0078000000000000005
2015-12-04,242.15,241.86,243.31,241.64,47980.0,-0.0103
2015-12-07,240.68,243.76,243.81,240.67,48480.0,-0.0060999999999999995
2015-12-08,239.23,240.86,241.77,239.19,63310.0,-0.006
2015-12-09,239.4,239.59,240.3,238.67,65349.99999999999,0.0007000000000000001
2015-12-10,240.6,239.28,241.31,238.99,81180.0,0.005
2015-12-11,240.35,240.65,241.83,239.78,61340.0,-0.001
2015-12-14,238.17,237.55,238.49,236.94,72620.0,-0.0091
2015-12-15,238.8,239.13,239.54,237.98,54290.0,0.0026
2015-12-16,243.49,240.89,244.37,240.82,66770.0,0.0196
2015-12-17,244.17,245.2,245.69,242.77,63270.0,0.0028000000000000004
2015-12-18,243.0,241.71,244.14,241.42,61140.0,-0.0048
2015-12-21,243.76,243.01,244.69,242.01,53530.0,0.0031
2015-12-22,245.48,244.06,245.51,242.58,69970.0,0.0070999999999999995
2015-12-23,246.53,245.64,247.49,244.97,68710.0,0.0043
2015-12-24,245.33,247.81,247.96,245.33,58780.0,-0.0049
2015-12-28,241.79,245.38,245.51,241.79,66380.0,-0.0144
2015-12-29,241.22,240.69,241.61,238.9,61630.0,-0.0024
2015-12-30,240.38,242.13,242.42,240.03,67550.0,-0.0034999999999999996
2016-01-04,234.63,239.3,239.35,234.63,68180.0,-0.0239
2016-01-05,236.13,233.96,237.25,233.96,67020.0,0.0064
2016-01-06,234.6,236.48,236.48,233.27,89010.0,-0.006500000000000001
2016-01-07,231.93,233.23,234.54,231.52,88010.0,-0.011399999999999999
2016-01-08,233.68,230.4,233.78,229.91,117160.0,0.0075
2016-01-11,230.83,230.77,232.27,230.34,76830.0,-0.012199999999999999
2016-01-12,230.55,232.45,232.85,230.25,72240.0,-0.0012
2016-01-13,233.52,232.24,234.26,231.89,71910.0,0.0129
2016-01-14,231.38,230.68,231.52,229.41,78140.0,-0.0092
2016-01-15,228.78,233.38,233.76,228.01,96870.0,-0.011200000000000002
2016-01-18,228.59,225.56,229.16,225.33,79300.0,-0.0008
2016-01-19,230.08,228.79,230.12,227.03,80140.0,0.006500000000000001
2016-01-20,224.54,229.29,229.3,222.92,121080.0,-0.0241
2016-01-21,223.81,224.83,226.61,223.81,145370.0,-0.0033
2016-01-22,228.79,226.35,228.79,226.31,115530.0,0.0223
2016-01-25,230.21,229.98,231.37,228.99,75660.0,0.0062
2016-01-26,227.19,228.66,229.06,226.16,89530.0,-0.0131
2016-01-27,230.96,229.19,231.13,228.83,92890.0,0.0166
2016-01-28,231.51,229.07,231.62,228.02,131300.0,0.0024
2016-01-29,232.1,230.97,232.1,228.8,107900.0,0.0025
2016-02-01,233.67,232.87,233.84,232.13,106260.0,0.0068000000000000005
2016-02-02,231.1,232.27,232.95,231.05,87260.0,-0.011000000000000001
2016-02-03,228.97,229.29,229.36,227.77,77800.0,-0.0092
2016-02-04,232.91,230.3,232.94,230.12,84730.0,0.0172
2016-02-05,233.3,232.73,233.93,232.27,90040.0,0.0017000000000000001
2016-02-11,226.7,227.77,228.35,226.26,83570.0,-0.028300000000000002
2016-02-12,224.98,225.5,226.63,223.37,122060.0,-0.0076
2016-02-15,228.4,227.84,228.81,226.86,82000.0,0.0152
2016-02-16,231.52,229.26,232.13,228.87,76710.0,0.0137
2016-02-17,231.94,231.66,233.3,230.87,95030.0,0.0018
2016-02-18,234.74,235.08,235.11,233.52,81410.0,0.0121
2016-02-19,235.27,234.11,235.31,233.47,74340.0,0.0023
2016-02-22,234.95,234.58,235.73,233.78,59590.0,-0.0014000000000000002
2016-02-23,235.03,236.54,236.67,234.42,70240.0,0.0003
2016-02-24,234.91,234.3,235.58,233.96,70370.0,-0.0005
2016-02-25,235.37,235.57,236.91,233.87,73320.0,0.002
2016-02-26,235.22,236.39,236.46,234.86,77670.0,-0.0006
2016-02-29,234.63,235.4,236.28,234.63,80360.0,-0.0025
2016-03-02,238.63,238.45,239.08,238.08,108550.0,0.017
2016-03-03,240.09,240.2,240.2,238.68,111240.0,0.0060999999999999995
2016-03-04,239.74,239.84,240.31,238.93,116640.0,-0.0015
2016-03-07,240.21,240.47,240.91,239.84,134370.0,0.002
2016-03-08,238.44,240.27,240.27,237.32,119590.0,-0.0074
2016-03-09,239.13,237.64,239.13,237.21,76740.0,0.0029
2016-03-10,241.43,239.91,242.51,239.47,84240.0,0.0096
2016-03-11,241.97,241.29,242.62,241.17,60920.0,0.0022
2016-03-14,242.15,243.9,243.94,241.93,73870.0,0.0007000000000000001
2016-03-15,241.83,242.47,243.0,241.28,67440.0,-0.0013
2016-03-16,242.35,242.04,243.43,241.63,73420.0,0.0022
2016-03-17,244.09,243.65,245.84,243.58,88890.0,0.0072
2016-03-18,244.63,245.25,245.27,243.72,77050.0,0.0022
2016-03-21,244.28,245.44,245.95,243.2,72830.0,-0.0014000000000000002
2016-03-22,245.41,244.75,245.41,244.06,73840.0,0.0046
2016-03-23,245.23,245.33,246.18,244.45,72960.0,-0.0007000000000000001
2016-03-24,244.08,244.3,245.0,243.31,74740.0,-0.004699999999999999
2016-03-25,243.79,244.61,244.65,243.33,73170.0,-0.0012
2016-03-28,243.95,243.86,244.96,243.66,104250.0,0.0007000000000000001
2016-03-29,245.53,244.55,245.88,244.11,103640.0,0.006500000000000001
2016-03-30,246.54,246.98,247.58,246.07,103090.0,0.0040999999999999995
2016-03-31,245.86,246.95,247.26,244.55,89220.0,-0.0028000000000000004
2016-04-01,242.36,245.59,245.66,241.82,157190.0,-0.014199999999999999
2016-04-04,243.05,242.38,243.06,241.73,68620.0,0.0028000000000000004
2016-04-05,240.58,242.1,242.25,240.28,63930.0,-0.0102
2016-04-06,241.99,240.85,242.59,240.65,103090.0,0.0059
2016-04-07,242.29,243.05,243.27,241.03,138880.0,0.0012
2016-04-08,241.77,240.59,241.84,239.57,117360.0,-0.0021
2016-04-11,242.06,241.79,242.29,240.65,89460.0,0.0012
2016-04-12,243.71,242.05,243.94,241.72,102080.0,0.0068000000000000005
2016-04-14,248.89,247.01,248.9,246.76,136900.0,0.0213
2016-04-15,248.53,248.47,249.03,247.68,99580.0,-0.0014000000000000002
2016-04-18,248.0,246.7,248.04,246.32,82380.0,-0.0021
2016-04-19,247.88,248.67,249.34,247.49,99750.0,-0.0005
2016-04-20,247.26,248.63,249.56,247.26,93350.0,-0.0025
2016-04-21,249.39,248.45,249.5,247.92,87880.0,0.0086
2016-04-22,248.32,248.44,248.86,247.74,105790.0,-0.0043
2016-04-25,248.13,248.33,248.45,247.08,129120.0,-0.0008
2016-04-26,248.92,247.81,249.22,247.7,134480.0,0.0032
2016-04-27,248.69,248.87,249.09,248.28,163100.0,-0.0009
2016-04-28,246.27,249.42,249.52,245.91,108540.0,-0.0097
2016-04-29,245.2,245.9,246.01,243.89,104340.0,-0.0043
2016-05-02,243.47,244.86,244.88,243.27,78970.0,-0.0070999999999999995
2016-05-03,244.29,244.88,244.9,243.48,71150.0,0.0034000000000000002
2016-05-04,243.31,243.29,243.85,242.23,110860.0,-0.004
2016-05-09,242.23,242.84,243.11,241.63,98230.0,-0.0044
2016-05-10,243.68,241.97,243.68,241.77,114280.0,0.006
2016-05-11,243.07,244.39,244.39,241.99,87900.0,-0.0025
2016-05-12,242.34,242.23,243.12,241.66,81720.0,-0.003
2016-05-13,240.6,242.61,242.73,240.03,74190.0,-0.0072
2016-05-16,240.82,240.01,241.32,240.01,97140.0,0.0009
2016-05-17,241.03,241.67,241.81,240.26,71720.0,0.0009
2016-05-18,239.82,240.32,240.46,238.14,103980.0,-0.005
2016-05-19,239.04,239.45,239.68,238.47,103130.0,-0.0033
2016-05-20,238.74,238.67,239.59,238.23,65910.0,-0.0013
2016-05-23,239.85,239.6,240.08,237.81,57830.0,0.0046
2016-05-24,237.65,239.28,239.48,237.65,89470.0,-0.0092
2016-05-25,240.91,239.68,241.45,239.28,91190.0,0.0137
2016-05-26,240.58,241.56,242.05,240.45,130280.0,-0.0014000000000000002
2016-05-27,241.85,241.25,242.41,240.74,92230.0,0.0053
2016-05-30,241.73,241.94,242.07,240.41,67450.0,-0.0005
2016-05-31,243.63,241.03,243.84,240.36,117970.0,0.0079
2016-06-01,243.58,242.7,244.19,242.48,78840.0,-0.0002
2016-06-02,244.18,243.88,244.66,243.31,78950.0,0.0025
2016-06-03,244.39,244.94,244.94,243.67,86350.0,0.0009
2016-06-07,247.85,245.55,247.86,245.54,79440.0,0.014199999999999999
2016-06-08,250.04,248.24,250.04,247.68,90730.0,0.0088
2016-06-09,250.19,250.19,251.51,248.46,138770.0,0.0006
2016-06-10,248.96,249.86,249.86,248.63,89450.0,-0.0049
2016-06-13,244.05,246.74,246.96,243.7,79110.0,-0.0197
2016-06-14,243.35,243.79,244.46,242.36,107840.0,-0.0029
2016-06-15,243.3,243.41,244.16,242.19,84100.0,-0.0002
2016-06-16,241.61,243.66,244.0,240.52,83310.0,-0.0069
2016-06-17,241.63,243.35,244.02,241.32,77330.0,0.0001
2016-06-20,245.17,244.44,245.63,243.74,75090.0,0.0147
2016-06-21,245.34,244.6,245.5,243.99,58400.0,0.0007000000000000001
2016-06-22,246.75,245.17,247.03,244.79,65850.0,0.005699999999999999
2016-06-23,246.31,246.42,246.81,245.64,65980.0,-0.0018
2016-06-24,239.21,248.23,248.27,234.97,190030.0,-0.0288
2016-06-27,239.28,236.79,239.28,236.68,95450.0,0.0003
2016-06-28,240.08,236.78,240.46,236.73,79650.0,0.0033
2016-06-29,242.32,241.29,243.71,240.68,67360.0,0.009300000000000001
2016-06-30,244.14,244.25,244.48,242.52,75450.0,0.0075
2016-07-01,246.52,244.96,247.57,244.78,63050.0,0.0097
2016-07-04,247.62,246.66,247.94,246.16,63630.0,0.0045000000000000005
2016-07-05,246.91,247.67,247.84,246.51,54810.0,-0.0029
2016-07-06,241.86,245.37,245.74,240.73,71670.0,-0.020499999999999997
2016-07-07,244.6,243.15,245.02,242.63,62210.0,0.0113
2016-07-08,243.43,244.3,245.4,242.72,62670.0,-0.0048
2016-07-11,246.99,245.64,247.42,245.44,63840.0,0.0146
2016-07-12,247.14,247.36,248.35,246.62,72910.0,0.0006
2016-07-13,249.25,249.44,250.26,247.74,78640.0,0.0085
2016-07-14,249.8,248.95,249.96,248.36,67350.0,0.0022
2016-07-15,251.02,250.61,251.72,249.99,75740.0,0.0049
2016-07-18,251.52,251.08,251.65,250.31,55900.0,0.002
2016-07-19,250.97,251.64,251.76,250.08,62160.0,-0.0022
2016-07-20,250.66,250.37,250.66,249.08,60020.0,-0.0012
2016-07-21,250.44,251.11,251.36,249.72,63660.0,-0.0009
2016-07-22,250.04,249.43,250.7,248.97,55600.0,-0.0016
2016-07-25,250.65,250.4,251.49,249.69,68800.0,0.0024
2016-07-26,252.72,250.19,252.76,249.9,73290.0,0.0083
2016-07-27,252.73,252.63,253.2,252.13,78390.0,0.0
2016-07-28,251.86,253.27,253.34,251.0,74230.0,-0.0034000000000000002
2016-07-29,251.48,252.24,253.37,251.48,87040.0,-0.0015
2016-08-01,253.81,252.91,254.02,252.81,91150.0,0.009300000000000001
2016-08-02,251.93,252.8,253.14,251.76,61750.0,-0.0074
2016-08-03,248.65,250.56,250.56,248.6,74700.0,-0.013000000000000001
2016-08-04,249.24,250.22,250.34,248.65,54040.0,0.0024
2016-08-05,252.36,250.21,252.4,249.96,62000.0,0.0125
2016-08-08,254.11,253.34,254.18,252.51,64330.0,0.0069
2016-08-09,255.85,254.38,256.24,254.19,60350.0,0.0068000000000000005
2016-08-10,255.43,255.68,256.31,255.06,66940.0,-0.0016
2016-08-11,256.18,255.14,256.18,254.24,93470.0,0.0029
2016-08-12,256.17,256.86,257.88,255.7,74920.0,-0.0
2016-08-16,256.15,256.95,258.13,256.12,68320.0,-0.0001
2016-08-17,256.04,255.82,256.32,254.6,63810.0,-0.0004
2016-08-18,258.11,256.62,258.23,255.8,64010.00000000001,0.008100000000000001
2016-08-19,258.69,258.42,258.84,257.54,72800.0,0.0022
2016-08-22,257.27,258.54,258.63,256.92,62920.0,-0.0055000000000000005
2016-08-23,258.42,257.57,258.63,257.09,65710.0,0.0045000000000000005
2016-08-24,257.3,258.4,258.65,256.54,54460.0,-0.0043
2016-08-25,257.26,256.78,257.76,256.0,58800.0,-0.0002
2016-08-26,256.23,256.17,256.76,255.02,68300.0,-0.004
2016-08-29,256.49,254.93,256.66,254.45,62760.0,0.001
2016-08-30,257.49,257.27,258.93,257.0,56520.0,0.0039000000000000003
2016-08-31,256.87,257.21,257.49,255.9,66350.0,-0.0024
2016-09-01,256.03,254.95,256.13,253.86,56100.0,-0.0033
2016-09-02,256.5,256.16,256.73,255.57,49270.0,0.0018
2016-09-05,259.64,257.85,259.74,257.63,54170.0,0.012199999999999999
2016-09-06,260.93,259.39,261.16,259.26,49970.0,0.005
2016-09-07,260.31,261.15,262.1,260.31,68750.0,-0.0024
2016-09-08,260.86,260.72,261.48,259.41,79380.0,0.0021
2016-09-09,257.31,258.68,258.94,256.21,70050.0,-0.013600000000000001
2016-09-12,250.53,252.37,253.43,250.53,66330.0,-0.0263
2016-09-13,251.77,253.39,253.55,251.66,74550.0,0.0049
2016-09-19,253.93,251.51,254.54,251.38,59750.0,0.0086
2016-09-20,255.09,253.86,255.23,253.33,54630.0,0.0046
2016-09-21,256.52,254.65,256.55,254.56,51980.0,0.005600000000000001
2016-09-22,258.34,258.46,259.99,258.13,59900.0,0.0070999999999999995
2016-09-23,258.37,258.44,259.14,257.71,58390.0,0.0001
2016-09-26,257.48,258.07,259.32,256.9,43880.0,-0.0034000000000000002
2016-09-27,259.57,256.16,259.87,255.16,58680.0,0.008100000000000001
2016-09-28,258.21,259.32,259.46,257.96,59190.0,-0.0052
2016-09-29,260.35,259.6,260.95,259.6,65370.00000000001,0.0083
2016-09-30,257.49,258.3,258.91,257.29,74920.0,-0.011000000000000001
2016-10-04,259.18,259.51,259.74,258.55,62560.0,0.0066
2016-10-05,258.99,257.51,259.49,256.67,58010.0,-0.0007000000000000001
2016-10-06,261.13,261.6,261.68,259.65,64940.0,0.0083
2016-10-07,260.06,261.17,261.53,259.73,62370.0,-0.0040999999999999995
2016-10-10,260.31,258.85,260.71,257.68,74080.0,0.001
2016-10-11,256.15,259.29,260.4,255.93,68770.0,-0.016
2016-10-12,256.2,254.69,256.67,254.56,62690.0,0.0002
2016-10-13,253.93,256.19,256.6,253.79,58490.0,-0.0089
2016-10-14,255.09,254.7,255.91,254.66,61590.0,0.0046
2016-10-17,256.19,255.9,257.07,253.71,55160.0,0.0043
2016-10-18,257.98,256.17,258.04,255.99,59070.0,0.006999999999999999
2016-10-19,258.21,257.25,259.67,257.17,62060.0,0.0009
2016-10-20,258.41,258.55,259.28,257.8,60710.0,0.0008
2016-10-21,257.26,258.16,258.39,256.82,52580.0,-0.0045000000000000005
2016-10-24,259.48,257.83,259.48,257.76,53740.0,0.0086
2016-10-25,258.57,258.79,258.92,257.82,68930.0,-0.0034999999999999996
2016-10-26,255.52,257.73,257.73,254.13,65630.0,-0.0118
2016-10-27,256.66,256.25,256.99,255.62,68400.0,0.0045000000000000005
2016-10-28,256.53,256.45,257.3,255.89,53170.0,-0.0005
2016-10-31,255.93,255.6,256.66,255.21,59120.0,-0.0023
2016-11-01,255.99,255.35,256.3,253.51,71630.0,0.0002
2016-11-02,252.83,254.27,254.77,252.33,67050.0,-0.0123
2016-11-03,252.9,252.44,253.74,251.72,56220.0,0.0003
2016-11-04,252.57,252.85,253.29,251.86,44620.0,-0.0013
2016-11-07,254.6,254.79,255.42,254.0,49040.0,0.008
2016-11-08,255.26,256.2,256.31,254.1,46850.0,0.0026
2016-11-09,249.67,255.83,257.03,246.51,123180.0,-0.0219
2016-11-10,255.31,253.8,255.31,252.64,119320.0,0.0226
2016-11-11,251.99,252.93,253.88,251.9,101510.0,-0.013000000000000001
2016-11-14,250.01,251.59,252.36,250.0,100350.0,-0.0079
2016-11-15,249.2,250.39,250.93,249.18,87820.0,-0.0032
2016-11-16,250.32,250.93,251.54,250.23,79970.0,0.0045000000000000005
2016-11-17,250.46,249.62,250.86,248.71,67350.0,0.0006
2016-11-18,250.21,250.9,251.02,249.23,78550.0,-0.001
2016-11-21,249.51,249.7,250.8,248.93,55390.0,-0.0028000000000000004
2016-11-22,252.37,250.85,252.85,250.47,62530.0,0.0115
2016-11-23,253.66,253.09,254.71,252.22,68300.0,0.0051
2016-11-24,252.03,253.22,253.71,251.44,53640.0,-0.0064
2016-11-25,252.26,252.19,252.84,251.64,44610.0,0.0009
2016-11-28,252.96,252.46,253.63,250.87,45860.0,0.0028000000000000004
2016-11-29,252.91,252.98,253.63,252.32,50820.0,-0.0002
2016-11-30,254.26,253.2,255.0,252.86,67940.0,0.0053
2016-12-01,254.48,254.84,255.23,254.06,59350.0,0.0009
2016-12-02,252.88,253.93,254.22,252.06,55140.0,-0.0063
2016-12-05,252.14,252.12,253.04,251.52,50360.0,-0.0029
2016-12-06,255.63,253.88,256.27,253.85,61480.0,0.0138
2016-12-07,256.34,256.57,257.05,255.96,54700.0,0.0028000000000000004
2016-12-08,262.0,258.79,262.0,258.63,74290.0,0.022099999999999998
2016-12-09,260.91,261.24,261.29,260.34,58350.0,-0.0042
2016-12-12,260.72,261.59,261.69,259.89,56950.0,-0.0007000000000000001
2016-12-13,261.63,260.38,261.72,260.08,77990.0,0.0034999999999999996
2016-12-14,262.0,262.64,262.86,261.12,55930.0,0.0014000000000000002
2016-12-15,261.45,259.9,262.08,259.82,55040.0,-0.0021
2016-12-16,262.56,261.59,262.91,261.16,60480.0,0.0042
2016-12-19,261.93,262.03,263.22,261.86,46960.0,-0.0024
2016-12-20,262.59,262.78,263.26,262.14,51200.0,0.0025
2016-12-21,262.1,263.76,264.42,262.1,62170.0,-0.0019
2016-12-22,261.97,262.71,262.92,261.66,53380.0,-0.0005
2016-12-23,261.61,262.1,262.26,261.3,46540.0,-0.0014000000000000002
2016-12-26,261.9,261.83,262.27,261.36,45260.0,0.0011
2016-12-27,262.49,262.35,262.85,261.79,52540.0,0.0023
2016-12-28,259.7,259.65,260.59,259.52,54260.0,-0.0106
2016-12-29,260.01,259.02,260.04,258.62,48690.0,0.0012
2017-01-02,260.36,259.42,261.21,258.64,36910.0,0.0013
2017-01-03,262.97,261.55,263.0,260.72,61840.0,0.01
2017-01-04,263.12,263.19,263.27,262.47,68770.0,0.0006
2017-01-05,261.98,262.88,262.94,261.64,78820.0,-0.0043
2017-01-06,263.2,263.01,263.61,262.66,56570.0,0.004699999999999999
2017-01-09,263.74,263.83,264.55,263.34,59180.0,0.0021
2017-01-10,263.73,263.15,263.88,262.83,60750.0,-0.0
2017-01-11,268.15,264.24,268.91,264.18,76590.0,0.0168
2017-01-12,269.95,268.48,269.95,267.93,70690.0,0.0067
2017-01-13,267.91,268.34,268.68,267.66,61590.0,-0.0076
2017-01-16,266.15,267.71,268.53,265.37,63880.0,-0.0066
2017-01-17,267.37,266.65,268.53,266.33,64800.0,0.0046
2017-01-18,267.08,267.64,267.96,265.37,56660.0,-0.0011
2017-01-19,267.7,269.3,270.01,266.39,59530.0,0.0023
2017-01-20,266.52,266.45,267.35,266.18,55380.0,-0.0044
2017-01-23,267.12,266.77,267.84,265.53,56740.0,0.0023
2017-01-24,267.3,267.79,268.25,266.24,54350.0,0.0007000000000000001
2017-01-25,268.15,268.65,269.04,267.28,63440.0,0.0032
2017-01-26,270.48,269.15,271.21,268.47,70100.0,0.0087
2017-01-31,268.09,269.61,270.0,268.09,69680.0,-0.0088
2017-02-01,269.56,269.16,269.97,268.87,65870.0,0.0055000000000000005
2017-02-02,268.49,269.63,271.25,268.01,76730.0,-0.004
2017-02-03,268.85,269.1,269.62,267.37,71590.0,0.0013
2017-02-06,269.49,270.65,271.08,268.75,71640.0,0.0024
2017-02-07,268.97,269.52,269.68,268.51,71250.0,-0.0019
2017-02-08,267.72,268.51,268.56,265.76,64569.99999999999,-0.0046
2017-02-09,267.69,267.99,268.91,267.21,72700.0,-0.0001
2017-02-10,268.66,269.04,269.72,268.43,83140.0,0.0036
2017-02-13,268.81,268.48,268.85,267.88,71070.0,0.0006
2017-02-14,267.9,268.82,269.34,267.05,68620.0,-0.0034000000000000002
2017-02-15,268.81,267.64,269.47,267.06,75720.0,0.0034000000000000002
2017-02-16,268.93,269.48,270.22,268.32,65400.00000000001,0.0004
2017-02-17,268.84,267.6,269.02,267.6,59750.0,-0.0003
2017-02-20,269.73,269.41,269.92,268.57,54540.0,0.0033
2017-02-21,272.11,269.9,273.13,269.7,61710.0,0.0088
2017-02-22,272.85,272.61,273.15,271.96,64580.0,0.0027
2017-02-23,272.89,272.61,273.18,272.18,64489.99999999999,0.0001
2017-02-24,270.38,272.61,272.84,269.76,116670.0,-0.0092
2017-02-27,268.97,270.35,270.62,268.72,81080.0,-0.0052
2017-02-28,270.06,269.27,270.62,269.1,88890.0,0.0040999999999999995
2017-03-02,272.65,272.14,273.34,271.35,105760.0,0.0096
2017-03-03,269.77,271.03,271.48,268.77,78080.0,-0.0106
2017-03-06,270.41,269.07,270.74,268.36,72120.0,0.0024
2017-03-07,271.87,270.22,272.45,269.96,69480.0,0.0054
2017-03-08,272.29,271.65,273.21,271.32,68170.0,0.0015
2017-03-09,271.62,272.73,272.97,271.56,71720.0,-0.0025
2017-03-10,272.29,271.08,273.0,270.24,67630.0,0.0025
2017-03-13,275.41,273.03,276.25,272.79,72080.0,0.0115
2017-03-14,277.89,276.8,278.2,276.51,80670.0,0.009000000000000001
2017-03-15,277.89,276.91,278.22,276.78,72420.0,0.0
2017-03-16,280.11,280.99,281.35,279.26,86730.0,0.008
2017-03-17,281.86,280.02,281.95,279.65,86560.0,0.0062
2017-03-20,280.75,281.08,281.16,280.0,59320.0,-0.0039000000000000003
2017-03-21,283.84,281.54,284.4,281.23,82820.0,0.011000000000000001
2017-03-22,282.63,281.07,282.66,280.85,89310.0,-0.0043
2017-03-23,282.81,283.29,284.38,282.58,76370.0,0.0006
2017-03-24,282.31,282.66,284.0,281.49,71000.0,-0.0018
2017-03-27,280.36,281.1,281.79,279.98,70910.0,-0.0069
2017-03-28,281.25,281.85,282.24,280.5,62560.0,0.0032
2017-03-29,281.86,282.52,282.54,281.27,68200.0,0.0022
2017-03-30,281.66,282.44,283.11,280.95,58290.0,-0.0007000000000000001
2017-03-31,280.64,282.03,282.09,280.63,59370.0,-0.0036
2017-04-03,281.6,281.51,282.35,280.85,56540.0,0.0034000000000000002
2017-04-04,280.92,281.25,281.77,280.32,59580.0,-0.0024
2017-04-05,280.74,280.99,281.36,278.76,72390.0,-0.0006
2017-04-06,279.47,279.57,279.81,278.2,56810.0,-0.0045000000000000005
2017-04-07,279.01,279.64,279.82,277.63,65060.0,-0.0016
2017-04-10,277.21,278.69,278.69,276.5,59920.0,-0.006500000000000001
2017-04-11,275.49,276.55,277.46,275.01,59390.0,-0.0062
2017-04-12,276.21,276.11,276.43,275.28,57610.0,0.0026
2017-04-13,279.12,276.38,279.12,275.66,74100.0,0.0105
2017-04-14,277.31,277.59,278.14,276.12,44580.0,-0.006500000000000001
2017-04-17,278.1,278.06,279.06,277.49,47710.0,0.0028000000000000004
2017-04-18,278.23,279.36,279.42,277.05,54710.0,0.0005
2017-04-19,276.49,277.66,278.07,275.97,65260.00000000001,-0.0063
2017-04-20,277.76,276.32,278.04,275.75,69510.0,0.0046
2017-04-21,280.05,279.44,280.89,278.8,60450.0,0.008199999999999999
2017-04-24,281.96,281.66,282.04,280.81,68130.0,0.0068000000000000005
2017-04-25,285.41,282.17,285.47,282.0,76980.0,0.012199999999999999
2017-04-26,286.78,286.04,287.22,285.79,84110.0,0.0048
2017-04-27,287.34,285.8,287.76,285.52,83540.0,0.002
2017-04-28,287.21,288.51,289.02,286.76,78760.0,-0.0005
2017-05-02,289.65,288.6,291.12,288.39,69810.0,0.0085
2017-05-04,292.47,290.53,292.47,290.53,65040.00000000001,0.0097
2017-05-08,299.86,292.95,299.86,292.66,102040.0,0.0253
2017-05-10,296.19,299.81,304.26,295.53,128100.0,-0.012199999999999999
2017-05-11,299.75,297.25,300.22,296.35,111190.0,0.012
2017-05-12,298.25,299.78,300.1,297.84,74390.0,-0.005
2017-05-15,298.87,298.54,299.84,297.51,58670.0,0.0021
2017-05-16,299.67,301.25,301.65,298.05,97290.0,0.0027
2017-05-17,299.34,299.02,299.95,297.9,77840.0,-0.0011
2017-05-18,298.47,296.34,298.78,295.66,83320.0,-0.0029
2017-05-19,298.08,298.26,299.1,297.44,74780.0,-0.0013
2017-05-22,300.63,299.76,300.7,298.98,71070.0,0.0086
2017-05-23,301.36,301.44,303.7,300.41,76650.0,0.0024
2017-05-24,301.71,302.32,302.79,301.23,111990.0,0.0012
2017-05-25,305.22,302.83,305.34,302.18,100090.0,0.0116
2017-05-26,306.96,305.41,308.51,305.07,98100.0,0.005699999999999999
2017-05-29,306.52,307.98,309.32,305.13,105980.0,-0.0014000000000000002
2017-05-30,304.59,306.89,306.99,303.11,94120.0,-0.0063
2017-05-31,304.67,303.79,306.18,303.64,114680.0,0.0003
2017-06-01,304.03,304.74,305.3,302.99,77250.0,-0.0021
2017-06-02,307.83,305.34,308.01,305.27,94030.0,0.0125
2017-06-05,307.33,308.52,308.59,306.79,76120.0,-0.0016
2017-06-07,305.68,306.94,307.59,305.42,87990.0,-0.0054
2017-06-08,306.25,305.7,306.87,304.17,126080.0,0.0019
2017-06-09,309.38,307.51,310.02,307.17,118710.0,0.0102
2017-06-12,306.24,307.74,308.31,305.59,95850.0,-0.0101
2017-06-13,308.02,306.25,308.29,306.25,94390.0,0.0058
2017-06-14,307.95,309.53,310.05,307.03,113450.0,-0.0002
2017-06-15,306.69,308.02,308.83,305.04,95410.0,-0.0040999999999999995
2017-06-16,306.79,306.97,307.4,305.82,87840.0,0.0003
2017-06-19,308.61,307.14,309.29,306.19,87800.0,0.0059
2017-06-20,309.31,310.55,310.63,308.72,122390.0,0.0023
2017-06-21,307.52,307.61,308.0,306.13,100930.0,-0.0058
2017-06-22,309.47,308.6,309.47,307.28,88480.0,0.0063
2017-06-23,310.26,309.36,310.58,308.96,81460.0,0.0026
2017-06-26,311.89,310.53,312.22,310.13,71900.0,0.0053
2017-06-27,312.12,311.72,312.95,311.05,131750.0,0.0007000000000000001
2017-06-28,310.84,310.71,312.03,310.47,94920.0,-0.0040999999999999995
2017-06-29,312.56,312.86,313.79,312.26,103110.0,0.0055000000000000005
2017-06-30,311.76,310.61,311.76,310.17,73220.0,-0.0026
2017-07-03,312.39,312.5,312.93,310.85,71750.0,0.002
2017-07-04,310.46,312.42,312.82,309.78,89180.0,-0.0062
2017-07-05,311.77,309.87,312.1,309.64,68310.0,0.0042
2017-07-06,311.88,312.17,312.5,310.76,73590.0,0.0004
2017-07-07,310.66,310.17,311.45,309.62,87670.0,-0.0039000000000000003
2017-07-10,311.46,311.65,312.41,310.72,78670.0,0.0026
2017-07-11,313.59,312.04,313.7,311.5,85930.0,0.0068000000000000005
2017-07-12,313.58,313.5,314.3,313.21,89120.0,-0.0
2017-07-13,316.35,315.46,318.4,315.03,94920.0,0.0088
2017-07-14,317.35,317.7,318.29,316.81,103190.0,0.0032
2017-07-17,318.52,319.22,319.45,317.86,74540.0,0.0037
2017-07-18,318.65,318.38,318.66,317.59,80890.0,0.0004
2017-07-19,318.91,319.15,319.15,317.52,77080.0,0.0008
2017-07-20,320.61,319.68,320.99,318.67,81100.0,0.0053
2017-07-21,321.79,320.17,322.01,320.0,81100.0,0.0037
2017-07-24,322.01,321.74,322.01,320.82,71710.0,0.0007000000000000001
2017-07-25,320.15,321.7,322.16,319.72,82690.0,-0.0058
2017-07-26,319.46,320.86,320.9,318.68,96650.0,-0.0022
2017-07-27,320.51,320.63,321.46,319.51,75490.0,0.0033
2017-07-28,314.13,319.01,319.18,313.72,100380.0,-0.0199
2017-07-31,314.6,312.73,314.81,312.2,82980.0,0.0015
2017-08-01,317.04,313.58,318.58,313.19,81840.0,0.0078000000000000005
2017-08-02,317.69,318.58,318.86,317.17,94040.0,0.0021
2017-08-03,312.29,316.95,317.02,310.22,112320.0,-0.017
2017-08-04,313.46,312.8,314.14,311.89,79350.0,0.0037
2017-08-07,313.96,314.34,315.75,313.24,68360.0,0.0016
2017-08-08,313.4,314.94,315.66,311.99,71590.0,-0.0018
2017-08-09,309.52,311.2,312.34,309.18,73810.0,-0.0124
2017-08-10,308.37,308.3,309.78,305.73,105190.0,-0.0037
2017-08-11,302.72,303.37,304.96,301.32,96750.0,-0.0183
2017-08-14,304.93,304.99,305.84,303.75,68090.0,0.0073
2017-08-16,307.16,308.27,308.66,306.59,89400.0,0.0073
2017-08-17,309.02,307.85,309.58,307.16,99260.0,0.0060999999999999995
2017-08-18,308.39,305.91,309.08,305.9,77620.0,-0.002
2017-08-21,308.14,309.09,309.09,307.56,62870.0,-0.0008
2017-08-22,309.34,308.66,309.93,308.5,63190.0,0.0039000000000000003
2017-08-23,309.71,311.02,311.52,308.85,62660.0,0.0012
2017-08-24,310.73,310.14,311.73,309.72,72200.0,0.0033
2017-08-25,311.21,311.56,312.16,310.24,73860.0,0.0015
2017-08-28,309.53,310.69,311.79,308.89,63870.0,-0.0054
2017-08-29,308.64,307.46,308.64,304.24,65550.0,-0.0029
2017-08-30,309.65,309.08,309.65,308.45,59530.0,0.0033
2017-08-31,308.28,309.77,310.33,307.14,99270.0,-0.0044
2017-09-01,307.78,308.85,309.43,306.82,75660.0,-0.0016
2017-09-04,304.19,302.52,306.38,302.45,67730.0,-0.011699999999999999
2017-09-05,304.06,305.64,305.66,303.06,75190.0,-0.0004
2017-09-06,303.18,303.62,303.85,302.41,91540.0,-0.0029
2017-09-07,306.97,304.4,307.56,304.36,80370.0,0.0125
2017-09-08,307.43,307.68,308.1,306.63,69040.0,0.0015
2017-09-11,309.83,309.06,311.26,308.95,81060.0,0.0078000000000000005
2017-09-12,310.42,311.7,311.78,309.53,70410.0,0.0019
2017-09-13,310.0,311.16,312.24,309.76,86740.0,-0.0014000000000000002
2017-09-14,312.52,310.82,312.52,309.75,132260.0,0.008100000000000001
2017-09-15,313.69,311.19,313.69,310.82,92790.0,0.0037
2017-09-18,318.93,314.31,318.93,314.17,77350.0,0.0167
2017-09-19,318.51,319.04,319.45,318.03,89270.0,-0.0013
2017-09-20,318.48,319.1,320.4,317.19,93160.0,-0.0001
2017-09-21,318.25,318.38,319.23,317.4,92120.0,-0.0007000000000000001
2017-09-22,316.71,318.06,319.15,315.47,91110.0,-0.0048
2017-09-25,316.4,316.81,317.35,315.3,78660.0,-0.001
2017-09-26,314.29,314.96,315.68,313.68,85810.0,-0.0067
2017-09-27,313.82,314.73,314.73,313.32,66670.0,-0.0015
2017-09-28,313.85,314.32,315.17,312.88,70540.0,0.0001
2017-09-29,316.27,314.6,316.45,314.6,63210.0,0.0077
2017-10-10,322.49,321.29,324.0,320.57,99580.0,0.0197
2017-10-11,326.12,323.97,326.2,323.43,86130.0,0.0113
2017-10-12,328.11,326.58,328.11,325.96,98830.0,0.0060999999999999995
2017-10-13,327.35,327.7,328.44,326.65,100700.0,-0.0023
2017-10-16,327.82,328.57,329.42,326.99,85190.0,0.0014000000000000002
2017-10-17,328.51,328.69,329.21,327.84,76860.0,0.0021
2017-10-18,328.4,328.06,329.43,327.13,75590.0,-0.0003
2017-10-19,326.47,328.67,329.34,326.04,90040.0,-0.0059
2017-10-20,328.89,327.08,328.89,327.02,99620.0,0.0074
2017-10-23,329.45,330.24,330.55,328.5,75010.0,0.0017000000000000001
2017-10-24,328.96,329.34,330.12,328.91,70810.0,-0.0015
2017-10-25,329.31,329.75,330.05,327.84,83840.0,0.0011
2017-10-26,326.99,328.63,329.65,326.99,99450.0,-0.006999999999999999
2017-10-27,329.23,327.5,329.75,326.62,90500.0,0.0069
2017-10-30,330.38,331.72,331.72,329.62,90390.0,0.0034999999999999996
2017-10-31,333.57,330.05,334.4,329.66,97630.0,0.0097
2017-11-01,338.76,335.67,338.76,335.6,93840.0,0.015600000000000001
2017-11-02,337.53,339.33,339.59,336.83,86220.0,-0.0036
2017-11-03,338.83,339.08,339.12,336.16,75760.0,0.0039000000000000003
2017-11-06,337.4,338.66,339.01,334.53,77980.0,-0.0042
2017-11-07,336.76,337.23,338.35,336.0,114250.0,-0.0019
2017-11-08,337.8,335.2,338.9,335.02,114010.0,0.0031
2017-11-09,337.14,338.55,338.59,334.99,108970.0,-0.002
2017-11-10,335.96,335.64,336.69,334.63,86250.0,-0.0034999999999999996
2017-11-13,334.33,336.63,337.34,333.73,91510.0,-0.0049
2017-11-14,333.62,334.63,334.73,333.13,94190.0,-0.0021
2017-11-15,332.17,333.39,333.6,331.36,112560.0,-0.0043
2017-11-16,334.36,332.75,334.92,331.84,82130.0,0.0066
2017-11-17,334.18,336.05,338.04,334.18,92930.0,-0.0005
2017-11-20,332.92,334.43,335.18,332.26,76770.0,-0.0038
2017-11-21,333.51,333.78,334.92,332.7,123280.0,0.0018
2017-11-22,335.49,335.93,337.05,334.62,114420.0,0.0059
2017-11-23,334.51,335.66,335.89,333.99,71020.0,-0.0029
2017-11-24,335.44,334.77,335.44,333.86,73260.0,0.0028000000000000004
2017-11-27,329.53,335.24,335.61,329.47,91210.0,-0.0176
2017-11-28,330.99,330.19,331.58,328.51,93030.0,0.0044
2017-11-29,330.68,331.41,332.22,330.04,67850.0,-0.0009
2017-11-30,325.25,328.45,329.55,324.82,121250.0,-0.016399999999999998
2017-12-01,324.78,326.85,326.85,324.5,82200.0,-0.0014000000000000002
2017-12-04,328.77,326.31,328.77,324.88,91080.0,0.0123
2017-12-05,329.61,326.77,330.17,326.34,97570.0,0.0026
2017-12-06,324.52,329.48,329.51,324.52,129650.0,-0.0154
2017-12-07,323.59,325.31,325.53,322.39,128720.0,-0.0029
2017-12-08,324.68,324.84,325.38,323.42,125460.0,0.0034000000000000002
2017-12-11,325.09,325.13,325.4,323.34,90620.0,0.0013
2017-12-12,324.07,325.15,325.26,323.27,91130.0,-0.0031
2017-12-13,326.18,324.14,326.58,323.13,90540.0,0.006500000000000001
2017-12-14,324.74,327.0,331.22,324.74,134160.0,-0.0044
2017-12-15,326.23,327.39,328.34,325.36,128650.0,0.0046
2017-12-18,326.6,327.09,327.16,325.64,103110.0,0.0011
2017-12-19,326.76,327.62,329.43,325.82,86090.0,0.0005
2017-12-20,325.79,326.2,327.51,325.55,66250.0,-0.003
2017-12-21,319.72,325.82,325.88,319.72,86540.0,-0.018600000000000002
2017-12-22,321.21,320.86,321.89,319.55,81170.0,0.004699999999999999
2017-12-26,318.89,322.14,323.43,318.89,87520.0,-0.0072
2017-12-27,320.25,318.18,320.25,316.9,74280.0,0.0043
2017-12-28,324.74,320.63,324.74,320.34,68940.0,0.013999999999999999
2018-01-02,326.0,325.73,326.45,324.3,70740.0,0.0039000000000000003
2018-01-03,327.13,327.13,328.37,326.56,109850.0,0.0034999999999999996
2018-01-04,324.58,329.52,329.52,324.58,106560.0,-0.0078000000000000005
2018-01-05,328.97,326.06,329.03,325.78,96160.0,0.013500000000000002
2018-01-08,331.28,330.83,331.65,328.47,88480.0,0.006999999999999999
2018-01-09,330.25,330.67,332.7,328.53,100980.0,-0.0031
2018-01-10,327.61,330.87,330.97,327.07,140730.0,-0.008
2018-01-11,325.67,326.92,327.98,325.07,120940.0,-0.0059
2018-01-12,326.72,327.34,327.5,324.22,143380.0,0.0032
2018-01-15,327.39,328.57,328.94,326.21,98450.0,0.0021
2018-01-16,330.02,327.44,330.5,326.65,107820000.0,0.008
2018-01-17,329.19,329.31,330.21,328.03,95200000.0,-0.0025
2018-01-18,329.13,331.03,331.88,328.77,94900000.0,-0.0002
2018-01-19,329.52,329.81,330.55,328.51,94690000.0,0.0012
2018-01-22,326.27,328.78,328.84,324.56,80820000.0,-0.009899999999999999
2018-01-23,330.93,327.42,330.93,327.17,102540000.0,0.0143
2018-01-24,330.91,330.37,332.44,329.86,89710000.0,-0.0001
2018-01-25,334.08,330.67,334.5,330.6,124680000.0,0.0096
2018-01-26,335.38,333.75,335.38,332.51,112870000.0,0.0039000000000000003
2018-01-29,338.05,337.28,339.27,337.05,121230000.0,0.008
2018-01-30,333.4,336.62,337.88,333.4,109650000.0,-0.0138
2018-01-31,333.38,332.38,338.48,331.65,113800000.0,-0.0001
2018-02-01,333.36,335.06,335.66,332.93,92490000.0,-0.0001
2018-02-02,327.01,332.69,332.69,326.3,100570000.0,-0.019
2018-02-05,323.29,322.05,324.64,320.6,101940000.0,-0.011399999999999999
2018-02-06,318.01,316.62,319.15,312.62,126680000.0,-0.0163
2018-02-07,310.48,322.06,322.1,310.47,106920000.0,-0.023700000000000002
2018-02-08,311.62,310.84,314.24,309.95,111640000.0,0.0037
2018-02-09,304.83,303.54,306.34,303.47,103310000.0,-0.0218
2018-02-12,308.13,306.91,309.65,305.17,84610000.0,0.0108
2018-02-13,310.87,310.45,314.15,309.23,86760000.0,0.0089
2018-02-14,314.4,313.33,315.53,312.81,69230000.0,0.011399999999999999
2018-02-19,316.61,318.42,318.8,314.51,70080000.0,0.006999999999999999
2018-02-20,312.83,315.19,315.73,312.2,56030000.0,-0.011899999999999999
2018-02-21,314.47,313.14,314.95,310.99,61420000.0,0.0052
2018-02-22,312.17,312.72,313.49,311.13,65200000.0,-0.0073
2018-02-23,316.81,313.89,316.81,313.89,74330000.0,0.0149
2018-02-26,317.34,318.49,318.6,316.12,86350000.0,0.0017000000000000001
2018-02-27,316.83,319.52,320.71,316.83,69200000.0,-0.0016
2018-02-28,312.86,315.89,317.42,312.75,94900000.0,-0.0125
2018-03-02,308.35,310.11,310.42,306.88,83590000.0,-0.0144
2018-03-05,304.58,308.39,308.79,304.46,66489999.99999999,-0.012199999999999999
2018-03-06,310.46,308.15,310.65,306.95,87810000.0,0.019299999999999998
2018-03-07,311.14,311.57,314.11,309.11,97310000.0,0.0022
2018-03-08,314.78,313.62,314.78,311.04,92590000.0,0.011699999999999999
2018-03-09,317.67,316.06,320.47,314.87,108410000.0,0.0092
2018-03-12,320.7,321.32,321.86,319.69,93550000.0,0.0095
2018-03-13,322.98,320.98,322.98,320.37,96760000.0,0.0070999999999999995
2018-03-14,321.99,320.72,322.27,320.39,76080000.0,-0.0031
2018-03-15,322.74,322.06,323.44,319.76,70220000.0,0.0023
2018-03-16,322.88,322.94,323.42,320.3,75860000.0,0.0004
2018-03-19,320.35,322.57,322.8,319.72,73050000.0,-0.0078000000000000005
2018-03-20,321.79,317.79,321.8,317.66,65019999.99999999,0.0045000000000000005
2018-03-21,321.6,322.19,322.85,321.46,72020000.0,-0.0006
2018-03-22,323.32,322.97,324.72,321.8,91620000.0,0.0053
2018-03-23,312.42,316.6,317.13,311.78,102460000.0,-0.0337
2018-03-26,314.89,311.93,314.89,309.85,82450000.0,0.0079
2018-03-27,316.34,317.22,317.39,315.24,86170000.0,0.0046
2018-03-28,311.81,312.54,313.06,310.35,95210000.0,-0.0143
2018-03-29,313.82,312.03,314.45,310.8,85490000.0,0.0064
2018-03-30,314.61,316.19,316.92,314.59,111260000.0,0.0025
2018-04-02,314.0,315.56,317.07,313.62,85960000.0,-0.0019
2018-04-03,313.38,311.03,313.38,309.91,132270000.00000001,-0.002
2018-04-04,308.54,314.21,314.21,308.33,139800000.0,-0.0154
2018-04-05,313.04,311.12,314.53,310.3,103600000.0,0.0146
2018-04-06,311.61,310.39,312.32,309.73,107250000.0,-0.0046
2018-04-09,313.45,310.88,313.88,310.86,101640000.0,0.0059
2018-04-10,313.94,312.53,314.77,309.58,91830000.0,0.0016
2018-04-11,312.94,314.83,315.45,312.44,108370000.0,-0.0032
2018-04-12,313.22,313.92,314.69,312.99,95160000.0,0.0009
2018-04-13,314.86,314.42,315.71,313.77,92860000.0,0.0052
2018-04-16,315.17,316.45,316.53,314.14,69230000.0,0.001
2018-04-17,314.64,315.44,316.48,313.95,73080000.0,-0.0017000000000000001
2018-04-18,318.64,316.58,319.28,316.55,93160000.0,0.0127
2018-04-19,320.12,319.26,320.68,318.47,116870000.0,0.0046
2018-04-20,317.89,318.6,319.39,317.29,104390000.0,-0.006999999999999999
2018-04-23,317.89,317.32,318.28,316.5,108890000.0,0.0
2018-04-24,315.86,318.24,318.3,314.43,94690000.0,-0.0064
2018-04-25,313.99,313.09,314.43,312.1,82180000.0,-0.0059
2018-04-26,318.08,315.55,319.06,314.95,91040000.0,0.013000000000000001
2018-04-27,320.8,321.39,322.93,319.43,92190000.0,0.0086
2018-04-30,323.56,321.93,323.58,321.66,139570000.0,0.0086
2018-05-02,322.53,323.56,323.97,321.99,158300000.0,-0.0032
2018-05-03,320.55,322.83,322.95,320.55,117280000.0,-0.0060999999999999995
2018-05-04,316.75,320.56,321.0,316.75,173910000.0,-0.011899999999999999
2018-05-08,315.87,317.79,319.53,314.95,141250000.0,-0.0028000000000000004
2018-05-09,314.42,315.93,316.08,312.6,123610000.0,-0.0046
2018-05-10,317.31,316.51,317.34,315.11,120900000.0,0.0092
2018-05-11,318.51,318.03,319.7,317.86,112400000.0,0.0038
2018-05-14,317.72,318.93,319.5,317.09,141540000.0,-0.0025
2018-05-15,314.94,317.73,318.35,314.57,128389999.99999999,-0.0087
2018-05-16,315.97,313.81,316.62,313.78,129020000.00000001,0.0033
2018-05-17,314.29,317.33,317.77,314.29,107630000.0,-0.0053
2018-05-18,315.37,315.5,315.8,314.46,83890000.0,0.0034000000000000002
2018-05-21,316.25,315.74,317.19,313.45,96770000.0,0.0028000000000000004
2018-05-23,318.31,316.45,319.04,316.01,122350000.0,0.006500000000000001
2018-05-24,317.48,318.93,319.46,316.55,83140000.0,-0.0026
2018-05-25,318.05,315.92,318.88,315.43,130289999.99999999,0.0018
2018-05-28,318.99,318.37,319.99,318.04,147740000.0,0.003
2018-05-29,316.2,318.7,319.4,316.18,117360000.0,-0.0087
2018-05-30,309.26,314.64,315.2,308.07,135720000.0,-0.0219
2018-05-31,310.92,312.01,312.26,309.84,228470000.0,0.0054
2018-06-01,313.22,310.13,314.14,309.87,120950000.0,0.0074
2018-06-04,314.84,313.7,315.46,313.26,104430000.0,0.0052
2018-06-05,315.76,315.12,316.07,312.83,105960000.0,0.0029
2018-06-07,317.67,317.94,319.19,317.03,108020000.0,0.006
2018-06-08,314.97,316.94,317.25,314.53,103100000.0,-0.0085
2018-06-11,317.22,315.24,317.35,314.24,103060000.0,0.0070999999999999995
2018-06-12,316.84,317.81,318.3,316.21,122230000.0,-0.0012
2018-06-14,311.2,314.6,314.82,311.03,147740000.0,-0.0178
2018-06-15,308.73,312.43,312.55,308.71,127400000.0,-0.0079
2018-06-18,305.35,308.73,308.95,303.77,121130000.0,-0.0109
2018-06-19,301.35,304.92,305.79,300.74,117680000.0,-0.0131
2018-06-20,304.02,302.95,305.69,301.83,104270000.0,0.0089
2018-06-21,301.02,304.06,305.04,301.02,101200000.0,-0.009899999999999999
2018-06-22,303.69,298.81,303.72,298.71,92740000.0,0.0089
2018-06-25,303.37,302.77,303.99,300.69,83140000.0,-0.0011
2018-06-26,302.76,300.3,303.83,299.5,95030000.0,-0.002
2018-06-27,302.25,302.73,304.29,301.92,100170000.0,-0.0017000000000000001
2018-06-28,298.26,299.91,300.83,297.72,88460000.0,-0.0132
2018-06-29,299.66,299.37,300.28,295.97,91790000.0,0.004699999999999999
2018-07-02,292.93,299.12,300.04,292.93,93230000.0,-0.0225
2018-07-03,293.35,294.89,295.06,290.89,88700000.0,0.0014000000000000002
2018-07-04,292.26,293.54,294.63,291.87,67010000.00000001,-0.0037
2018-07-05,291.63,292.12,293.6,289.9,64860000.0,-0.0022
2018-07-06,293.11,292.04,294.73,290.09,100950000.0,0.0051
2018-07-09,295.2,293.88,296.63,292.58,80240000.0,0.0070999999999999995
2018-07-10,296.19,297.14,297.99,295.84,74330000.0,0.0034000000000000002
2018-07-11,294.43,293.8,295.27,291.77,102400000.0,-0.0059
2018-07-12,294.41,294.94,296.63,293.77,94350000.0,-0.0001
2018-07-13,298.65,295.88,298.99,295.86,88560000.0,0.0144
2018-07-16,297.37,298.71,299.56,297.06,69360000.0,-0.0043
2018-07-17,296.88,297.46,298.15,295.74,77990000.0,-0.0016
2018-07-18,296.47,299.2,300.24,296.08,78880000.0,-0.0014000000000000002
2018-07-19,295.9,297.71,297.94,295.52,85400000.0,-0.0019
2018-07-20,296.95,295.78,297.52,294.05,76110000.0,0.0034999999999999996
2018-07-23,294.56,296.81,296.81,293.8,87890000.0,-0.008
2018-07-24,295.49,294.92,296.05,293.28,99970000.0,0.0032
2018-07-25,294.85,295.99,297.17,294.29,85720000.0,-0.0022
2018-07-26,296.95,296.2,298.22,295.11,93050000.0,0.0070999999999999995
2018-07-27,297.78,297.29,297.88,296.21,71330000.0,0.0028000000000000004
2018-07-30,297.29,297.01,298.0,295.99,66420000.0,-0.0016
2018-07-31,297.45,297.01,297.79,296.14,71870000.0,0.0005
2018-08-01,298.69,298.32,299.96,298.06,70930000.0,0.0042
2018-08-02,293.55,298.25,298.54,292.89,75900000.0,-0.0172
2018-08-03,295.61,294.45,295.85,293.59,63190000.0,0.006999999999999999
2018-08-06,295.24,295.79,297.37,294.78,70150000.0,-0.0013
2018-08-07,297.18,295.79,297.38,294.37,70320000.0,0.0066
2018-08-08,297.19,297.97,298.46,296.78,76310000.0,0.0
2018-08-09,297.41,297.23,297.41,295.61,87040000.0,0.0007000000000000001
2018-08-10,293.64,295.93,296.1,293.05,94300000.0,-0.0127
2018-08-13,289.85,291.21,292.09,288.11,94720000.0,-0.0129
2018-08-14,291.08,290.03,291.64,289.61,75900000.0,0.0042
2018-08-16,288.24,287.1,289.05,285.42,93690000.0,-0.0098
2018-08-17,288.57,288.57,289.35,287.78,67290000.0,0.0011
2018-08-20,288.61,289.78,290.93,288.15,74150000.0,0.0001
2018-08-21,291.93,288.51,292.41,287.94,79700000.0,0.0115
2018-08-22,293.0,292.45,293.83,291.93,81680000.0,0.0037
2018-08-23,294.29,294.21,294.37,292.39,73750000.0,0.0044
2018-08-24,295.54,293.26,295.91,292.53,70160000.0,0.0042
2018-08-27,296.83,296.21,297.34,295.3,85300000.0,0.0044
2018-08-28,297.22,298.67,298.95,296.6,84390000.0,0.0013
2018-08-29,298.05,297.31,298.23,296.63,81220000.0,0.0028000000000000004
2018-08-30,298.05,298.44,299.99,297.37,80680000.0,0.0
2018-08-31,300.07,296.49,300.07,296.09,107570000.0,0.0068000000000000005
2018-09-03,297.49,299.15,299.28,296.85,64700000.0,-0.0086
2018-09-04,298.8,297.72,299.2,296.86,64650000.00000001,0.0044
2018-09-05,294.96,297.89,298.4,294.37,81060000.0,-0.0129
2018-09-06,294.28,294.23,295.82,293.62,79880000.0,-0.0023
2018-09-07,292.86,292.26,293.79,290.69,90390000.0,-0.0048
2018-09-10,293.7,292.37,294.06,292.25,84200000.0,0.0029
2018-09-11,292.46,293.42,294.75,291.49,83410000.0,-0.0042
2018-09-12,292.35,292.74,293.29,290.89,87630000.0,-0.0004
2018-09-13,292.42,292.5,293.42,291.78,98540000.0,0.0002
2018-09-14,297.29,295.19,297.38,295.04,83090000.0,0.0167
2018-09-17,295.23,296.7,296.74,294.14,64920000.0,-0.0069
2018-09-18,296.1,293.06,296.51,293.03,77060000.0,0.0029
2018-09-19,296.64,297.63,297.72,295.5,94200000.0,0.0018
2018-09-20,299.04,297.47,300.45,297.12,97940000.0,0.008100000000000001
2018-09-21,300.81,299.84,300.81,298.9,124340000.0,0.0059
2018-09-27,302.59,299.54,302.6,299.54,120500000.0,0.0059
2018-09-28,300.51,302.53,302.64,299.83,111430000.0,-0.0069
2018-10-01,300.17,301.55,301.97,299.3,77260000.0,-0.0011
2018-10-02,296.53,300.2,300.93,296.36,86570000.0,-0.0121
2018-10-04,291.78,296.42,296.42,291.26,107330000.0,-0.016
2018-10-05,291.28,291.42,292.66,289.33,93620000.0,-0.0017000000000000001
2018-10-08,289.91,290.02,292.29,289.91,69770000.0,-0.004699999999999999
2018-10-10,287.85,290.23,290.37,286.92,117740000.0,-0.0070999999999999995
2018-10-11,275.15,281.52,282.65,275.15,144520000.0,-0.0441
2018-10-12,279.37,275.82,281.26,275.43,101670000.0,0.015300000000000001
2018-10-15,277.19,278.35,278.91,276.49,73190000.0,-0.0078000000000000005
2018-10-16,276.9,278.73,279.52,276.22,60610000.0,-0.001
2018-10-17,280.05,280.07,281.99,279.1,75390000.0,0.011399999999999999
2018-10-18,277.48,278.73,280.01,277.3,68810000.0,-0.0092
2018-10-19,278.63,275.08,279.03,273.81,74650000.0,0.0040999999999999995
2018-10-22,279.4,276.78,279.89,275.99,62450000.0,0.0028000000000000004
2018-10-23,272.54,277.31,277.57,270.72,88690000.0,-0.0246
2018-10-24,271.36,274.07,274.24,270.64,99130000.0,-0.0043
2018-10-25,266.72,264.46,267.09,262.97,120410000.0,-0.0171
2018-10-26,262.69,267.04,267.04,260.16,111380000.0,-0.0151
2018-10-29,260.19,262.82,265.29,259.84,109740000.0,-0.0095
2018-10-30,262.47,259.15,264.74,259.06,122390000.0,0.0088
2018-10-31,264.01,263.55,264.14,261.03,107850000.0,0.0059
2018-11-01,262.95,264.72,266.97,262.77,102280000.0,-0.004
2018-11-02,272.56,266.16,272.79,265.82,111230000.0,0.0365
2018-11-05,270.07,270.22,270.45,266.67,81490000.0,-0.0091
2018-11-06,271.57,271.01,272.01,268.57,77830000.0,0.005600000000000001
2018-11-07,270.45,271.43,273.79,269.77,119320000.0,-0.0040999999999999995
2018-11-08,272.11,274.88,276.34,272.07,99220000.0,0.0060999999999999995
2018-11-09,271.33,272.25,273.57,270.85,80920000.0,-0.0029
2018-11-12,271.57,268.66,272.27,268.64,78000000.0,0.0009
2018-11-13,269.7,267.03,269.89,264.63,88280000.0,-0.0069
2018-11-14,268.88,269.58,270.01,267.75,87330000.0,-0.003
2018-11-15,271.54,267.93,271.69,267.68,74360000.0,0.009899999999999999
2018-11-16,271.65,272.95,273.52,271.06,74600000.0,0.0004
2018-11-19,272.31,272.01,274.05,270.83,75010000.0,0.0024
2018-11-20,269.58,268.54,270.58,268.54,80900000.0,-0.01
2018-11-21,268.27,265.96,268.49,264.95,81840000.0,-0.0049
2018-11-22,267.76,268.51,269.11,267.15,64410000.0,-0.0019
2018-11-23,266.33,268.12,268.54,264.86,58350000.0,-0.0053
2018-11-26,269.79,266.43,269.95,266.41,75650000.0,0.013000000000000001
2018-11-27,272.08,270.9,272.47,269.27,71910000.0,0.0085
2018-11-28,273.45,272.64,273.53,271.35,79830000.0,0.005
2018-11-29,274.16,277.08,277.54,273.4,80650000.0,0.0026
2018-11-30,271.35,274.53,275.51,270.88,137530000.0,-0.0102
2018-12-03,276.18,275.7,276.98,273.59,89070000.0,0.0178
2018-12-04,273.29,275.08,275.72,272.03,80800000.0,-0.0105
2018-12-05,271.49,269.53,272.38,269.47,75640000.0,-0.0066
2018-12-06,267.18,270.18,270.18,266.61,86090000.0,-0.0159
2018-12-07,268.28,268.97,269.66,267.03,68450000.0,0.0040999999999999995
2018-12-10,265.35,264.55,266.2,263.63,77300000.0,-0.0109
2018-12-11,264.69,265.87,265.99,263.87,70040000.0,-0.0025
2018-12-12,268.47,266.0,268.84,265.55,83690000.0,0.0143
2018-12-13,269.41,269.07,271.06,268.22,145060000.0,0.0034999999999999996
2018-12-14,265.55,269.69,269.69,264.44,99730000.0,-0.0143
2018-12-17,266.33,265.81,267.19,265.41,71450000.0,0.0029
2018-12-18,265.18,264.42,266.83,263.93,90330000.0,-0.0043
2018-12-19,267.31,266.02,267.55,265.26,81750000.0,0.008
2018-12-20,264.81,265.13,266.34,263.12,81340000.0,-0.009399999999999999
2018-12-21,265.06,263.66,265.06,263.15,92600000.0,0.0009
2018-12-24,264.45,263.51,265.09,262.96,61960000.0,-0.0023
2018-12-26,260.98,261.09,262.49,259.35,92490000.0,-0.0131
2018-12-27,260.57,261.53,261.71,259.73,84460000.0,-0.0016
2018-12-28,261.98,261.61,262.85,261.27,62700000.0,0.0054
2019-01-02,258.23,263.35,263.77,257.47,69950000.0,-0.0143
2019-01-03,255.77,258.19,258.7,255.35,90520000.0,-0.0095
2019-01-04,257.89,255.62,258.12,254.55,91200000.0,0.0083
2019-01-07,261.57,261.11,263.13,260.76,92320000.0,0.0143
2019-01-08,259.65,261.29,262.43,259.39,86910000.0,-0.0073
2019-01-09,265.6,260.95,266.05,260.87,98750000.0,0.0229
2019-01-10,265.55,265.73,266.85,264.61,99830000.0,-0.0002
2019-01-11,267.13,266.58,267.58,265.56,81080000.0,0.0059
2019-01-14,264.99,266.22,266.7,264.23,74930000.0,-0.008
2019-01-15,269.93,265.62,270.02,265.37,87170000.0,0.018600000000000002
2019-01-16,271.23,269.96,271.28,269.05,100500000.0,0.0048
2019-01-17,271.88,271.66,273.05,270.81,86750000.0,0.0024
2019-01-18,273.88,273.02,273.95,272.56,78970000.0,0.0074
2019-01-21,274.0,274.99,275.14,272.29,86550000.0,0.0004
2019-01-22,272.71,274.08,274.6,271.45,68870000.0,-0.004699999999999999
2019-01-23,273.87,271.35,274.51,271.03,99960000.0,0.0043
2019-01-24,276.61,274.1,276.64,273.74,132860000.00000001,0.01
2019-01-25,281.67,277.3,281.72,277.04,115510000.0,0.0183
2019-01-28,281.64,282.56,283.46,280.47,95970000.0,-0.0001
2019-01-29,283.0,281.12,283.0,279.65,130940000.0,0.0048
2019-01-30,286.62,282.86,286.63,282.24,134730000.0,0.0128
2019-01-31,285.89,288.85,288.87,285.89,153500000.0,-0.0025
2019-02-01,285.79,287.07,288.34,285.43,114630000.0,-0.0003
