Date,Open,High,Low,Close,Volume,Change
2015-01-02,51600,52600,51600,52300,616867,0.0
2015-01-05,52200,52300,51600,52000,651421,-0.005736137667303964
2015-01-06,51500,51600,50900,51200,777311,-0.01538461538461533
2015-01-07,50500,52100,50500,51800,598333,0.01171875
2015-01-08,51800,52600,51800,52200,701430,0.007722007722007707
2015-01-09,52700,54400,52500,53400,927979,0.02298850574712641
2015-01-12,52900,53800,52700,53000,589295,-0.0074906367041198685
2015-01-13,54500,54800,53600,54200,1145916,0.02264150943396226
2015-01-14,54700,54900,53300,53600,857911,-0.011070110701106972
2015-01-15,53200,53400,52100,52500,1137595,-0.020522388059701524
2015-01-16,51900,52400,51100,52000,884515,-0.00952380952380949
2015-01-19,51500,51900,51100,51500,897406,-0.009615384615384581
2015-01-20,51300,52000,51300,51900,725531,0.007766990291262044
2015-01-21,51500,51900,49850,50300,2187421,-0.030828516377649273
2015-01-22,50300,50700,49800,50200,1757493,-0.001988071570576566
2015-01-23,50400,50800,48900,49250,2748392,-0.018924302788844605
2015-01-26,48000,48500,46400,46450,4520696,-0.056852791878172604
2015-01-27,46150,46400,44750,45400,4113849,-0.0226049515608181
2015-01-28,45000,46600,45000,46000,2895702,0.013215859030837107
2015-01-29,46050,47000,45950,46650,1337853,0.01413043478260878
2015-01-30,47300,47350,45950,46000,1912599,-0.01393354769560562
2015-02-02,45800,46600,45800,46550,981947,0.011956521739130421
2015-02-03,46250,46400,45050,45400,1936168,-0.02470461868958107
2015-02-04,46200,46200,45500,46000,1641512,0.013215859030837107
2015-02-05,45700,46000,45150,45350,1203424,-0.01413043478260867
2015-02-06,45350,45600,44000,44500,2714991,-0.018743109151047377
2015-02-09,44000,44150,43100,43200,2034092,-0.02921348314606742
2015-02-10,43000,44000,42950,43500,1533438,0.00694444444444442
2015-02-11,43500,44100,43500,44000,825954,0.011494252873563315
2015-02-12,44450,44500,43800,44200,1024650,0.00454545454545463
2015-02-13,44300,45800,44250,45000,1315263,0.018099547511312153
2015-02-16,45250,45450,44500,45050,728683,0.0011111111111110628
2015-02-17,45100,46000,45100,45750,902848,0.015538290788013276
2015-02-23,46350,46400,45850,46250,1348149,0.010928961748633892
2015-02-24,46600,46900,46100,46300,938755,0.00108108108108107
2015-02-25,46400,46600,46000,46550,891207,0.005399568034557323
2015-02-26,46150,46500,46000,46300,998414,-0.00537056928034374
2015-02-27,46050,46200,45100,45500,1865265,-0.017278617710583144
2015-03-02,45400,45750,45000,45500,758527,0.0
2015-03-03,45500,47350,45500,46700,1909279,0.02637362637362628
2015-03-04,47250,47800,46600,46750,1475861,0.0010706638115631772
2015-03-05,46300,47350,46300,46900,781005,0.0032085561497325887
2015-03-06,47100,48500,47100,48000,1791270,0.023454157782516027
2015-03-09,47950,48150,47350,47750,832777,-0.00520833333333337
2015-03-10,47950,48350,47350,47450,755746,-0.006282722513089034
2015-03-11,46700,48150,46500,47300,1454138,-0.0031612223393044925
2015-03-12,47350,47900,46850,46850,1677945,-0.009513742071881603
2015-03-13,47150,47300,46100,46350,1217606,-0.01067235859124871
2015-03-16,46400,46550,45750,46100,1239892,-0.005393743257820938
2015-03-17,46350,47750,46250,47350,1558351,0.027114967462039008
2015-03-18,47500,48150,47350,47550,1549610,0.004223864836325308
2015-03-19,48200,48300,47050,47350,1273389,-0.004206098843322792
2015-03-20,47100,47300,46450,47000,1055866,-0.007391763463569179
2015-03-23,47100,47150,46400,46600,676639,-0.008510638297872353
2015-03-24,46600,46600,45550,46000,1302665,-0.012875536480686733
2015-03-25,45600,45950,45050,45100,1209994,-0.019565217391304346
2015-03-26,44850,45850,44850,45250,1125494,0.003325942350332678
2015-03-27,45000,45800,45000,45400,698131,0.0033149171270718814
2015-03-30,45200,45700,45100,45250,559632,-0.0033039647577092213
2015-03-31,45550,45750,44900,45200,964411,-0.0011049723756906271
2015-04-01,45050,45250,44000,44250,1570726,-0.021017699115044253
2015-04-02,44450,45050,44200,44300,819444,0.001129943502824915
2015-04-03,44500,44950,44500,44700,447075,0.009029345372460584
2015-04-06,44700,44700,44000,44050,785438,-0.014541387024608499
2015-04-07,44150,44450,44000,44100,800116,0.0011350737797957144
2015-04-08,44000,44350,43950,44000,1207854,-0.0022675736961451642
2015-04-09,43750,44750,43750,44100,1152939,0.002272727272727204
2015-04-10,44000,45400,44000,45050,2178522,0.02154195011337867
2015-04-13,45450,45700,44900,44950,1277999,-0.002219755826859071
2015-04-14,45150,47250,45100,47000,3310220,0.04560622914349266
2015-04-15,47600,47600,46700,47300,1705210,0.006382978723404209
2015-04-16,46750,47000,46300,46750,1386838,-0.011627906976744207
2015-04-17,47250,47750,46900,47500,1668378,0.016042780748663166
2015-04-20,46950,47950,46550,47850,1560337,0.007368421052631469
2015-04-21,47900,48200,47500,47900,1618542,0.0010449320794148065
2015-04-22,47800,48050,47400,47600,1321200,-0.006263048016701411
2015-04-23,48200,49850,48000,49500,3057927,0.0399159663865547
2015-04-24,50100,51100,50000,50700,3076331,0.024242424242424176
2015-04-27,51700,52000,51000,51900,2236534,0.023668639053254337
2015-04-28,51800,51800,49700,50100,1798255,-0.034682080924855474
2015-04-29,49700,51000,48500,50700,1746117,0.011976047904191711
2015-04-30,49600,50000,48900,49600,1134521,-0.021696252465483234
2015-05-04,49600,51000,49550,50800,963558,0.024193548387096753
2015-05-06,51000,51700,50900,51500,1766608,0.013779527559055094
2015-05-07,51100,51500,50400,51500,1049713,0.0
2015-05-08,51400,52200,51300,52100,1105816,0.011650485436893288
2015-05-11,52600,52700,50700,50700,846325,-0.026871401151631447
2015-05-12,51200,51500,50500,51200,678837,0.009861932938856066
2015-05-13,50800,51200,50400,50600,733162,-0.01171875
2015-05-14,50000,50200,49050,49550,1509828,-0.02075098814229248
2015-05-15,49550,49650,48050,48600,1747954,-0.019172552976791102
2015-05-18,48650,48750,47600,48150,1023957,-0.0092592592592593
2015-05-19,47850,48850,47500,48600,1323105,0.009345794392523255
2015-05-20,49300,49900,48700,49500,1173958,0.0185185185185186
2015-05-21,49150,49550,48250,48300,802985,-0.024242424242424288
2015-05-22,48100,48950,48100,48950,851294,0.013457556935817738
2015-05-26,48500,48750,47600,47600,989952,-0.02757916241062308
2015-05-27,47100,47850,47050,47500,1131122,-0.0021008403361344463
2015-05-28,47450,47800,47250,47500,1050686,0.0
2015-05-29,47000,48000,47000,47650,972084,0.0031578947368420263
2015-06-01,47650,47850,46000,47350,899831,-0.006295907660020972
2015-06-02,47300,47350,44950,45400,2495174,-0.04118268215417109
2015-06-03,44150,45600,44150,45000,1697555,-0.008810572687224627
2015-06-04,44500,44950,44250,44450,1625009,-0.012222222222222245
2015-06-05,44000,44450,43800,44150,1009887,-0.006749156355455588
2015-06-08,43950,44000,43000,43050,1449410,-0.02491506228765572
2015-06-09,43100,43750,43000,43200,915385,0.0034843205574912606
2015-06-10,43600,44900,43600,44250,1392616,0.02430555555555558
2015-06-11,44250,47300,44250,45850,2176526,0.0361581920903955
2015-06-12,46750,46850,45300,45850,874256,0.0
2015-06-15,45850,46200,45050,46000,624467,0.0032715376226826187
2015-06-16,45950,46000,44100,45200,1256829,-0.017391304347826098
2015-06-17,45050,45950,44700,44950,754880,-0.00553097345132747
2015-06-18,45400,45850,44300,45350,1019047,0.008898776418242438
2015-06-19,46000,46000,44950,45700,1119432,0.007717750826901959
2015-06-22,45700,46350,45700,45800,512477,0.002188183807439792
2015-06-23,46400,46400,45800,45800,622042,0.0
2015-06-24,45800,46450,45600,46450,620683,0.01419213973799116
2015-06-25,46500,46500,45800,45950,860844,-0.01076426264800856
2015-06-26,46600,46800,45900,46100,545885,0.0032644178454841466
2015-06-29,44950,45300,44650,45100,720322,-0.021691973969631184
2015-06-30,45000,45850,44450,45300,1061061,0.0044345898004434225
2015-07-01,45050,46200,44600,45600,942662,0.0066225165562914245
2015-07-02,46050,46050,44700,44900,783556,-0.015350877192982448
2015-07-03,45050,45050,44500,44600,575032,-0.006681514476614692
2015-07-06,43900,44300,43650,43850,887338,-0.01681614349775784
2015-07-07,43800,44150,43750,44100,666161,0.005701254275940704
2015-07-08,43800,44300,43600,44100,920485,0.0
2015-07-09,43550,43900,43400,43800,1520454,-0.006802721088435382
2015-07-10,43550,43650,40500,40800,3275903,-0.06849315068493156
2015-07-13,41000,41300,40200,41000,1214277,0.004901960784313708
2015-07-14,41250,41350,40500,40650,1003780,-0.008536585365853666
2015-07-15,40450,41350,40450,41050,985042,0.009840098400984099
2015-07-16,41050,41300,40700,40950,556517,-0.0024360535931789995
2015-07-17,40950,40950,40200,40300,1167945,-0.015873015873015928
2015-07-20,40600,41050,40400,40850,629497,0.013647642679900818
2015-07-21,40700,43000,40600,42100,1843285,0.030599755201958345
2015-07-22,42300,42700,41300,41750,799767,-0.008313539192399078
2015-07-23,41850,43000,41500,42300,1442016,0.013173652694610682
2015-07-24,41950,42300,40800,41800,1012682,-0.011820330969267157
2015-07-27,41600,44350,41600,43650,2234888,0.04425837320574155
2015-07-28,43050,44500,42450,43050,2269314,-0.013745704467353903
2015-07-29,43150,43400,42300,42750,968587,-0.006968641114982632
2015-07-30,42700,44350,42250,43850,1427969,0.025730994152046716
2015-07-31,43700,44300,43500,43900,985005,0.0011402508551880963
2015-08-03,43800,43950,42000,42350,1341221,-0.03530751708428248
2015-08-04,42500,43650,42200,42750,673407,0.009445100354191327
2015-08-05,43250,43600,42800,43150,507702,0.009356725146198785
2015-08-06,43700,43800,42300,42450,1007692,-0.016222479721900385
2015-08-07,42500,42500,41500,41900,600734,-0.012956419316843326
2015-08-10,41700,42550,41350,41950,631557,0.0011933174224343368
2015-08-11,42000,42800,41900,41950,556415,0.0
2015-08-12,42300,45650,41950,44200,2753171,0.05363528009535168
2015-08-13,44300,45000,43400,44050,1286769,-0.0033936651583710287
2015-08-17,44100,44800,43350,43750,963841,-0.006810442678774176
2015-08-18,44200,45450,43750,45050,1134223,0.029714285714285804
2015-08-19,44650,46900,44650,46700,1931068,0.03662597114317423
2015-08-20,46750,47100,44700,46500,1652142,-0.004282655246252709
2015-08-21,45000,46400,45000,46000,1585828,-0.010752688172043001
2015-08-24,45700,46700,44300,45350,1434189,-0.01413043478260867
2015-08-25,45400,49200,45400,47550,3032508,0.04851157662624028
2015-08-26,47950,49150,47700,48800,2281032,0.02628811777076767
2015-08-27,49200,49300,48150,48550,1650235,-0.0051229508196721785
2015-08-28,48000,48300,46900,47600,1580892,-0.019567456230690006
2015-08-31,47200,48700,46500,48700,1527321,0.02310924369747891
2015-09-01,48100,48500,47750,48050,745986,-0.013347022587268942
2015-09-02,47200,50000,47200,49600,2419619,0.032258064516129004
2015-09-03,49700,50000,49150,49400,1259489,-0.0040322580645161255
2015-09-04,49000,49600,48650,48950,929977,-0.009109311740890691
2015-09-07,49000,50300,48950,49800,971114,0.01736465781409602
2015-09-08,50200,50800,49500,50600,1149467,0.016064257028112428
2015-09-09,50600,51000,49550,50400,1175828,-0.0039525691699604515
2015-09-10,50400,51100,49950,51100,1458399,0.01388888888888884
2015-09-11,51100,51500,49950,50200,1175857,-0.017612524461839585
2015-09-14,50400,50900,49250,50800,1017335,0.01195219123505975
2015-09-15,51300,52000,51100,51800,1229255,0.019685039370078705
2015-09-16,52000,53000,51400,52900,1609137,0.021235521235521304
2015-09-17,53000,53000,51800,52700,1332287,-0.003780718336483968
2015-09-18,52900,52900,51500,52400,1213937,-0.005692599620493399
2015-09-21,52300,52300,51000,51400,816178,-0.01908396946564883
2015-09-22,52300,54000,52200,53000,1681671,0.03112840466926059
2015-09-23,52900,53700,51200,51200,1382825,-0.03396226415094339
2015-09-24,51700,52600,51000,51200,1043874,0.0
2015-09-25,51600,52600,51500,51500,1061010,0.005859375
2015-09-30,50500,53600,50400,53600,1462606,0.040776699029126284
2015-10-01,53600,54300,53200,53600,814827,0.0
2015-10-02,54300,54400,53000,53700,1044710,0.001865671641791078
2015-10-05,53900,54300,51900,52500,928153,-0.022346368715083775
2015-10-06,52900,53000,49600,50800,2467660,-0.0323809523809524
2015-10-07,49900,51700,49750,51500,1091215,0.013779527559055094
2015-10-08,52000,52700,51200,52500,810687,0.01941747572815533
2015-10-12,52900,53000,51100,51500,1063988,-0.01904761904761909
2015-10-13,51800,53800,51700,53400,1247924,0.03689320388349504
2015-10-14,53900,54400,53000,54200,1260930,0.014981273408239737
2015-10-15,54300,54500,53100,54200,991578,0.0
2015-10-16,54200,54500,51700,52700,1497297,-0.027675276752767486
2015-10-19,52700,53600,52600,53100,546970,0.007590132827324458
2015-10-20,53900,54300,53700,54100,1031329,0.01883239171374762
2015-10-21,54400,54600,53500,53800,548024,-0.00554528650646946
2015-10-22,53400,54500,53200,54500,881090,0.013011152416356975
2015-10-23,54600,55500,53300,53500,1531081,-0.01834862385321101
2015-10-26,53700,54800,53700,54600,837088,0.020560747663551426
2015-10-27,54900,55300,54000,55100,1037136,0.009157509157509125
2015-10-28,55500,55500,54100,54800,762999,-0.005444646098003658
2015-10-29,54300,55300,54200,54800,511535,0.0
2015-10-30,54800,55900,54300,55800,979684,0.018248175182481674
2015-11-02,55900,55900,55000,55700,586068,-0.0017921146953404632
2015-11-03,56300,58500,56300,58300,1763438,0.04667863554757634
2015-11-04,59000,59400,57300,57700,1357007,-0.010291595197255532
2015-11-05,58100,58400,56600,56900,654688,-0.013864818024263426
2015-11-06,56900,57500,56300,56800,524561,-0.0017574692442882123
2015-11-09,57000,58300,57000,58000,711681,0.021126760563380254
2015-11-10,58500,59200,57600,58100,944039,0.0017241379310344307
2015-11-11,57500,58100,55600,57100,1001198,-0.01721170395869187
2015-11-12,57100,58200,57100,58200,882201,0.019264448336252293
2015-11-13,57000,57500,56500,56700,705341,-0.02577319587628868
2015-11-16,55800,57500,55500,56900,1194159,0.003527336860670305
2015-11-17,57100,57500,55700,56000,1009983,-0.01581722319859402
2015-11-18,56300,56800,55400,55700,1209548,-0.005357142857142838
2015-11-19,55700,56600,55700,56400,821088,0.012567324955116588
2015-11-20,55800,56300,55400,55600,362166,-0.014184397163120588
2015-11-23,55300,55400,53000,55000,604478,-0.010791366906474864
2015-11-24,54600,55600,54600,55400,485979,0.0072727272727273196
2015-11-25,55100,55200,53300,53500,844855,-0.03429602888086647
2015-11-26,53900,54400,53600,53900,547741,0.007476635514018781
2015-11-27,54400,54500,53300,53700,340636,-0.0037105751391465214
2015-11-30,53700,54100,52500,52500,1493008,-0.022346368715083775
2015-12-01,52500,55800,52500,55800,1392293,0.06285714285714294
2015-12-02,55900,57100,54800,55300,708697,-0.008960573476702538
2015-12-03,55300,55500,53800,54200,656369,-0.019891500904159143
2015-12-04,54200,54700,53800,54300,397755,0.0018450184501845879
2015-12-07,54600,55100,53900,53900,465103,-0.007366482504604033
2015-12-08,53600,54400,53000,53100,621352,-0.014842300556586308
2015-12-09,52400,53800,50500,53300,1137811,0.0037664783427495685
2015-12-10,53400,54000,52800,54000,996168,0.013133208255159401
2015-12-11,53700,54100,51600,52200,1501220,-0.033333333333333326
2015-12-14,51600,53900,51400,53600,912568,0.026819923371647514
2015-12-15,53600,53900,52800,53200,554386,-0.007462686567164201
2015-12-16,54200,55700,53500,55100,878567,0.03571428571428581
2015-12-17,56000,56000,54700,55500,752097,0.007259528130671544
2015-12-18,54900,55900,54500,55900,850335,0.007207207207207134
2015-12-21,55700,55800,54000,54200,942583,-0.030411449016100156
2015-12-22,54100,54800,53500,54600,640404,0.007380073800737907
2015-12-23,54400,54900,53800,54000,809434,-0.01098901098901095
2015-12-24,54300,54800,53800,53800,484564,-0.0037037037037036535
2015-12-28,54100,54100,52300,52300,1067224,-0.027881040892193343
2015-12-29,52000,53400,51900,53100,572765,0.015296367112810794
2015-12-30,52800,53200,52000,52600,539792,-0.00941619585687381
2016-01-04,51700,51800,50600,50800,1016680,-0.034220532319391594
2016-01-05,50100,51300,50000,50700,989919,-0.0019685039370078705
2016-01-06,50300,51100,49100,49400,1571397,-0.02564102564102566
2016-01-07,49250,50400,49200,49300,764448,-0.002024291497975672
2016-01-08,48350,49200,47800,48500,1129958,-0.016227180527383367
2016-01-11,47550,49950,47400,49600,929744,0.02268041237113394
2016-01-12,50400,50400,49300,49650,894682,0.0010080645161290036
2016-01-13,50100,50500,49050,49200,833639,-0.009063444108761365
2016-01-14,48700,51000,48500,50300,1658154,0.022357723577235866
2016-01-15,50500,50600,49200,49550,964367,-0.01491053677932408
2016-01-18,48100,49600,47500,48700,1166966,-0.017154389505549927
2016-01-19,48400,49150,48400,49000,664986,0.006160164271047153
2016-01-20,49150,49300,46800,47150,1070547,-0.037755102040816335
2016-01-21,47150,47800,46550,46650,1042988,-0.010604453870625696
2016-01-22,47300,48500,47150,47700,715817,0.022508038585209
2016-01-25,48500,48550,47950,48100,483070,0.008385744234800763
2016-01-26,48000,48000,46250,47100,1051919,-0.02079002079002079
2016-01-27,46550,48650,46550,48600,949047,0.031847133757961776
2016-01-28,47350,48450,47250,47400,1343807,-0.024691358024691357
2016-01-29,47050,47100,44750,45150,2671618,-0.04746835443037978
2016-02-01,45000,45050,44000,44500,1788298,-0.01439645625692132
2016-02-02,43950,44350,43150,43150,1677658,-0.030337078651685445
2016-02-03,43350,43600,42650,43550,1342543,0.009269988412514474
2016-02-04,44000,44050,43350,43700,1007889,0.003444316877152742
2016-02-05,43600,44950,43500,44450,928773,0.017162471395880896
2016-02-11,43700,44300,43150,43550,1196895,-0.020247469066366652
2016-02-12,43550,46500,43550,46350,2526243,0.06429391504018378
2016-02-15,46550,48200,45600,46550,1723500,0.004314994606256839
2016-02-16,46850,47800,45600,47250,1206897,0.015037593984962516
2016-02-17,47300,48150,46800,47850,1070724,0.012698412698412653
2016-02-18,47950,48350,47150,47650,1235190,-0.004179728317659337
2016-02-19,47650,49800,47650,49000,1618953,0.02833158447009443
2016-02-22,48450,49050,47850,48100,899799,-0.01836734693877551
2016-02-23,48250,48650,47550,48000,814165,-0.0020790020790020236
2016-02-24,47800,47850,47150,47500,760418,-0.01041666666666663
2016-02-25,47200,48450,46800,47050,1140473,-0.0094736842105263
2016-02-26,47050,47400,46850,47100,603672,0.0010626992561104665
2016-02-29,46500,46650,45800,46100,1419661,-0.02123142250530785
2016-03-02,46850,48200,46550,47400,1266712,0.02819956616052055
2016-03-03,47950,48400,47400,47950,1023644,0.011603375527426074
2016-03-04,47950,47950,47050,47100,826558,-0.017726798748696537
2016-03-07,47400,47700,47050,47300,478783,0.00424628450106157
2016-03-08,47300,48150,47200,47250,717599,-0.0010570824524313016
2016-03-09,47250,48950,47200,48950,1177847,0.035978835978836
2016-03-10,49100,49100,47900,47900,987720,-0.021450459652706866
2016-03-11,47550,48400,47550,47900,708646,0.0
2016-03-14,48350,48900,48050,48700,746845,0.016701461377870652
2016-03-15,48100,48300,47150,47150,1020733,-0.03182751540041073
2016-03-16,47300,47700,47200,47500,464075,0.007423117709437932
2016-03-17,47700,48000,47550,47550,768750,0.001052631578947416
2016-03-18,47600,48100,47600,47600,884880,0.001051524710830698
2016-03-21,47800,49000,47700,48900,1151499,0.027310924369747802
2016-03-22,49000,50800,48650,50800,1638109,0.03885480572597144
2016-03-23,50500,50700,49500,49800,822433,-0.019685039370078705
2016-03-24,50100,50200,49150,49550,746816,-0.005020080321285092
2016-03-25,49550,49750,48900,49300,406383,-0.005045408678102881
2016-03-28,49300,49950,48600,48900,506601,-0.008113590263691739
2016-03-29,48950,50200,48650,50000,787910,0.02249488752556239
2016-03-30,50100,50200,49000,49250,894628,-0.015000000000000013
2016-03-31,49100,49600,48000,48300,1253633,-0.019289340101522834
2016-04-01,48300,48350,46950,47050,1335953,-0.025879917184264967
2016-04-04,46900,46900,45500,45800,1346034,-0.026567481402762994
2016-04-05,45350,45950,45200,45450,1049730,-0.007641921397379958
2016-04-06,45450,45800,45250,45350,899573,-0.002200220022002153
2016-04-07,45650,46000,45200,45400,801512,0.0011025358324145973
2016-04-08,45650,45700,45100,45400,931031,0.0
2016-04-11,45700,46100,45400,45850,718799,0.009911894273127775
2016-04-12,45750,46500,45550,46300,817889,0.009814612868048078
2016-04-14,46800,48300,46550,48050,2232728,0.03779697624190059
2016-04-15,47650,48350,47650,48150,784142,0.0020811654526535772
2016-04-18,48650,49700,48400,49050,1239088,0.01869158878504673
2016-04-19,49400,49750,48650,48950,819223,-0.0020387359836900876
2016-04-20,49050,49550,48200,48350,651645,-0.012257405515832431
2016-04-21,48200,49350,48200,49200,762176,0.0175801447776629
2016-04-22,49150,49700,48850,49050,490947,-0.0030487804878048808
2016-04-25,49500,49500,48600,48750,416644,-0.006116207951070374
2016-04-26,49000,50000,48750,49750,989285,0.02051282051282044
2016-04-27,49500,50300,48500,48950,1637645,-0.016080402010050232
2016-04-28,49350,49500,48000,48200,1158946,-0.01532175689479065
2016-04-29,48300,48750,47600,47900,1034075,-0.006224066390041472
2016-05-02,47400,48300,47150,47900,804342,0.0
2016-05-03,47900,48000,47250,47550,810793,-0.007306889352818424
2016-05-04,47050,47450,46550,46900,1388696,-0.013669821240799185
2016-05-09,47150,47200,46050,46200,828653,-0.014925373134328401
2016-05-10,46350,47750,46300,47550,1139366,0.02922077922077926
2016-05-11,47750,48000,46950,47150,786604,-0.008412197686645584
2016-05-12,47000,47400,46750,47000,719586,-0.0031813361611876534
2016-05-13,47000,47450,46650,47000,562057,0.0
2016-05-16,47000,47150,46350,46500,657961,-0.010638297872340385
2016-05-17,46600,46700,45800,46100,567254,-0.008602150537634357
2016-05-18,46200,46250,45700,45950,710520,-0.0032537960954447387
2016-05-19,45900,46850,45700,46650,668216,0.015233949945593128
2016-05-20,46650,46900,46100,46300,640166,-0.007502679528403
2016-05-23,46300,46700,45700,45950,510203,-0.0075593952483801186
2016-05-24,45750,46800,45700,46300,688497,0.007616974972796564
2016-05-25,46500,46800,46050,46600,825780,0.00647948164146861
2016-05-26,46850,46850,46000,46400,714761,-0.0042918454935622075
2016-05-27,46350,46400,45800,46350,721369,-0.0010775862068965747
2016-05-30,46150,46300,45500,45750,734832,-0.012944983818770184
2016-05-31,45700,46650,45600,46650,1351171,0.01967213114754096
2016-06-01,46150,46800,46100,46500,627538,-0.003215434083601254
2016-06-02,46500,46750,45650,46050,937490,-0.009677419354838679
2016-06-03,45500,46250,45500,46050,544198,0.0
2016-06-07,46150,46300,45800,46150,773937,0.0021715526601520097
2016-06-08,46350,46800,46150,46500,938382,0.007583965330444142
2016-06-09,46600,46750,45900,46200,1142091,-0.006451612903225823
2016-06-10,46000,46500,45950,46300,560937,0.0021645021645022577
2016-06-13,46100,46300,45000,45200,1061260,-0.023758099352051865
2016-06-14,45350,45450,44600,44750,993394,-0.009955752212389424
2016-06-15,44800,45150,44400,44700,745834,-0.0011173184357542443
2016-06-16,44850,44900,44100,44250,688914,-0.010067114093959773
2016-06-17,44700,45350,44600,44850,758511,0.013559322033898313
2016-06-20,45300,45450,44750,44950,922358,0.0022296544035673715
2016-06-21,45000,45050,44100,44300,763514,-0.014460511679644017
2016-06-22,44250,45200,44250,44700,849160,0.009029345372460584
2016-06-23,44750,45150,44600,45050,506962,0.007829977628635243
2016-06-24,45350,45500,43100,43850,1287451,-0.02663706992230852
2016-06-27,43850,44700,43350,44150,1284410,0.0068415051311288
2016-06-28,43650,44350,43600,43900,884143,-0.005662514156285381
2016-06-29,44150,44250,43650,43800,999000,-0.002277904328018221
2016-06-30,44000,44200,42700,43200,1719556,-0.013698630136986356
2016-07-01,43400,43450,43000,43050,959503,-0.00347222222222221
2016-07-04,43350,43450,42900,42950,935735,-0.0023228803716608404
2016-07-05,43000,43200,42550,42650,893053,-0.006984866123399325
2016-07-06,42500,42600,41250,41400,2035674,-0.029308323563892125
2016-07-07,41650,42150,41500,41550,1035909,0.0036231884057971175
2016-07-08,41400,41700,40800,40900,1371190,-0.01564380264741272
2016-07-11,41150,41500,40950,41300,841161,0.009779951100244544
2016-07-12,41500,41650,41300,41600,796005,0.007263922518159882
2016-07-13,41700,42300,41700,41850,989250,0.006009615384615419
2016-07-14,41750,41750,41050,41300,959827,-0.01314217443249699
2016-07-15,41400,42000,41400,41900,1085806,0.014527845036319542
2016-07-18,42150,42200,41100,41350,1089528,-0.013126491646778038
2016-07-19,41400,41750,40850,41700,753339,0.00846432889963733
2016-07-20,41400,41850,41200,41700,561154,0.0
2016-07-21,41900,41900,41350,41650,696069,-0.0011990407673860837
2016-07-22,41550,41900,41400,41650,549272,0.0
2016-07-25,42000,43150,41950,43100,1748417,0.034813925570228
2016-07-26,43050,43350,42700,43050,967871,-0.001160092807424573
2016-07-27,43150,43250,42650,43150,1125044,0.0023228803716608404
2016-07-28,43300,43750,42450,42500,1084585,-0.015063731170335992
2016-07-29,42500,42750,42150,42150,982172,-0.008235294117647007
2016-08-01,42450,42750,42150,42250,756452,0.0023724792408066353
2016-08-02,42050,42200,41550,41750,814103,-0.011834319526627168
2016-08-03,41400,41500,40850,41000,1575602,-0.017964071856287456
2016-08-04,41000,41050,40650,40800,1224571,-0.004878048780487809
2016-08-05,40750,41250,40750,40900,1317242,0.002450980392156854
2016-08-08,41150,41200,40800,40900,930498,0.0
2016-08-09,41050,41750,41000,41650,1228404,0.01833740831295838
2016-08-10,41650,41650,41050,41150,1017541,-0.01200480192076836
2016-08-11,41150,41800,41050,41700,711184,0.013365735115431265
2016-08-12,41800,42450,41700,42400,1104054,0.01678657074340517
2016-08-16,42550,42700,41550,41600,1096529,-0.018867924528301883
2016-08-17,41550,42000,41350,41400,936279,-0.004807692307692291
2016-08-18,41500,41600,41000,41150,1179826,-0.006038647342995196
2016-08-19,41250,41550,41150,41250,804706,0.002430133657351119
2016-08-22,41150,41650,41000,41500,607276,0.0060606060606061
2016-08-23,41650,42000,41500,42000,827344,0.012048192771084265
2016-08-24,42150,42750,41850,42550,1407816,0.013095238095238049
2016-08-25,42750,43100,42600,42900,1081563,0.008225616921269108
2016-08-26,42950,43000,42050,42350,972667,-0.012820512820512775
2016-08-29,42000,42050,41400,41700,909170,-0.015348288075560768
2016-08-30,41600,42100,41600,41750,463984,0.0011990407673860837
2016-08-31,41550,42200,41400,41950,964608,0.004790419161676551
2016-09-01,41900,41950,41500,41700,556608,-0.005959475566150174
2016-09-02,41750,42350,41650,41750,739968,0.0011990407673860837
2016-09-05,42000,42500,41800,42300,833754,0.013173652694610682
2016-09-06,42350,42750,42100,42700,697172,0.009456264775413725
2016-09-07,42750,43150,42500,42700,1145395,0.0
2016-09-08,42900,44200,42850,44200,2768533,0.03512880562060894
2016-09-09,44100,44550,43700,44550,1714670,0.007918552036199067
2016-09-12,44000,44850,43750,44700,1418151,0.0033670033670034627
2016-09-13,45050,45100,43800,44000,1224132,-0.015659955257270708
2016-09-19,44150,44600,43500,44250,1122159,0.005681818181818121
2016-09-20,44200,44750,44100,44400,847420,0.003389830508474523
2016-09-21,44100,44300,43600,44100,652478,-0.006756756756756799
2016-09-22,44200,44600,44000,44000,673908,-0.0022675736961451642
2016-09-23,44400,44800,44000,44800,908310,0.018181818181818077
2016-09-26,44550,44550,43600,43750,785928,-0.0234375
2016-09-27,43800,44300,43450,44200,716558,0.010285714285714231
2016-09-28,43750,43900,42850,42900,1132813,-0.02941176470588236
2016-09-29,43200,43350,42800,42950,636058,0.0011655011655011815
2016-09-30,42500,42750,41850,42150,1258308,-0.01862630966239809
2016-10-04,42050,42800,42050,42300,817968,0.003558718861210064
2016-10-05,41900,42300,41600,42150,703518,-0.0035460992907800915
2016-10-06,42200,42550,42000,42250,686862,0.0023724792408066353
2016-10-07,42100,42400,41850,42150,528568,-0.002366863905325478
2016-10-10,42350,42350,41650,41700,738300,-0.010676156583629859
2016-10-11,42150,42300,41900,42050,603423,0.008393285371702586
2016-10-12,42300,42800,42100,42400,669575,0.00832342449464929
2016-10-13,42300,42600,41900,42000,682545,-0.009433962264150941
2016-10-14,42000,42250,41350,41350,979885,-0.015476190476190421
2016-10-17,41700,41850,41400,41650,550383,0.007255139056831839
2016-10-18,41500,41900,41450,41650,607342,0.0
2016-10-19,41600,41800,41350,41450,467426,-0.004801920768307322
2016-10-20,41450,41550,40750,40800,1218979,-0.0156815440289505
2016-10-21,40900,41250,40900,41050,556911,0.006127450980392135
2016-10-24,41100,41350,40850,41350,560829,0.0073081607795371095
2016-10-25,41350,41950,41250,41650,844675,0.007255139056831839
2016-10-26,41650,41800,40950,41450,656148,-0.004801920768307322
2016-10-27,41350,41800,41000,41650,764946,0.004825090470446325
2016-10-28,41700,41900,41000,41150,918017,-0.01200480192076836
2016-10-31,41050,41300,40450,40700,837677,-0.010935601458080146
2016-11-01,40850,41100,40700,40850,493495,0.0036855036855036882
2016-11-02,40650,41000,40600,40850,581676,0.0
2016-11-03,41000,41300,40750,41150,675165,0.007343941248469932
2016-11-04,40950,41300,40750,41000,547031,-0.0036452004860266785
2016-11-07,41350,41350,40850,40900,388988,-0.0024390243902439046
2016-11-08,41150,41650,40900,41450,594573,0.01344743276283622
2016-11-09,41450,41700,39050,39850,1930741,-0.0386007237635706
2016-11-10,40200,40200,37850,38100,3223287,-0.04391468005018817
2016-11-11,37700,38250,37700,38000,2093897,-0.002624671916010457
2016-11-14,38000,38250,37600,37600,1484410,-0.010526315789473717
2016-11-15,37650,37650,36550,36950,1985921,-0.017287234042553168
2016-11-16,37100,37550,37000,37000,2000024,0.0013531799729364913
2016-11-17,36900,37100,36600,36650,1341878,-0.009459459459459474
2016-11-18,36750,36950,36600,36650,1527823,0.0
2016-11-21,36500,37350,36500,37000,845255,0.009549795361528002
2016-11-22,37200,37300,36850,36950,726347,-0.0013513513513513375
2016-11-23,36800,37100,36600,36750,949293,-0.005412719891745632
2016-11-24,36750,37050,36750,36950,577907,0.0054421768707482165
2016-11-25,37000,37050,36700,36900,515190,-0.0013531799729363803
2016-11-28,36950,37400,36650,37050,540078,0.004065040650406582
2016-11-29,37000,37400,36950,37150,462645,0.0026990553306343035
2016-11-30,37100,37600,37100,37400,1193355,0.006729475100942128
2016-12-01,37400,37600,37050,37150,783662,-0.006684491978609652
2016-12-02,37200,37750,37200,37200,772443,0.0013458950201883368
2016-12-05,37350,37600,37000,37350,517367,0.0040322580645162365
2016-12-06,37600,38000,37400,38000,670521,0.01740294511378848
2016-12-07,38150,38150,37500,37650,615435,-0.009210526315789447
2016-12-08,37950,38900,37750,38900,1154923,0.033200531208499307
2016-12-09,38900,39150,38550,39050,765539,0.003856041131105492
2016-12-12,39200,39350,38650,38850,645844,-0.005121638924455829
2016-12-13,38950,39600,38850,39600,880200,0.019305019305019266
2016-12-14,39650,39800,39350,39600,712341,0.0
2016-12-15,39100,39350,39000,39200,717484,-0.010101010101010055
2016-12-16,39200,39350,38900,39250,724189,0.0012755102040815647
2016-12-19,39050,39450,39050,39250,426739,0.0
2016-12-20,39300,39550,39300,39350,459405,0.002547770700636942
2016-12-21,39500,39650,39200,39250,462500,-0.0025412960609910717
2016-12-22,39050,39150,38600,38800,889916,-0.01146496815286624
2016-12-23,38700,39350,38650,39100,1070783,0.0077319587628865705
2016-12-26,39100,39350,38850,39000,465612,-0.002557544757033292
2016-12-27,39050,39700,39050,39500,879686,0.012820512820512775
2016-12-28,38600,39100,38600,38950,662314,-0.013924050632911356
2016-12-29,38700,39400,38700,39250,586340,0.007702182284980763
2017-01-02,39000,39600,38850,39500,436193,0.006369426751592355
2017-01-03,39650,40900,39650,40750,1158874,0.03164556962025311
2017-01-04,40900,41450,40550,41300,1159086,0.013496932515337345
2017-01-05,41300,41350,40750,41100,1116473,-0.004842615012106588
2017-01-06,40700,40850,40550,40750,888652,-0.008515815085158196
2017-01-09,40850,40900,40250,40350,697173,-0.009815950920245453
2017-01-10,40000,40500,39900,40500,588857,0.0037174721189590088
2017-01-11,40050,40600,39900,40300,974710,-0.004938271604938316
2017-01-12,40000,40800,39950,40550,889626,0.006203473945409321
2017-01-13,40550,40700,40250,40550,517529,0.0
2017-01-16,40600,40650,40050,40500,529274,-0.0012330456226880004
2017-01-17,40150,40950,40150,40700,656723,0.004938271604938205
2017-01-18,40450,41350,40400,41150,898956,0.011056511056511065
2017-01-19,41100,41100,40600,40800,857780,-0.008505467800729027
2017-01-20,40600,40600,39600,39750,1206820,-0.02573529411764708
2017-01-23,40000,40000,39300,39400,833782,-0.008805031446540879
2017-01-24,39100,39300,37850,38400,1339846,-0.025380710659898442
2017-01-25,38100,38350,37500,37500,1157536,-0.0234375
2017-01-26,37500,38100,37400,37750,1129366,0.006666666666666599
2017-01-31,37450,37500,36100,36400,1883405,-0.03576158940397356
2017-02-01,36550,36700,36300,36500,1081475,0.0027472527472527375
2017-02-02,36500,36500,35600,35700,1633309,-0.021917808219178103
2017-02-03,35700,36300,35700,36150,991895,0.012605042016806678
2017-02-06,36350,36350,35700,35900,804687,-0.006915629322268302
2017-02-07,36050,36800,36000,36650,1043697,0.02089136490250687
2017-02-08,36750,36850,36500,36800,790912,0.004092769440654953
2017-02-09,36850,36850,36300,36500,733510,-0.008152173913043459
2017-02-10,36700,37100,36500,36800,697370,0.008219178082191858
2017-02-13,37000,37050,36550,36900,529438,0.0027173913043478937
2017-02-14,37100,37300,36800,37000,806443,0.0027100271002709064
2017-02-15,37250,37650,37050,37350,780660,0.009459459459459474
2017-02-16,37600,38250,37600,37600,902586,0.006693440428380271
2017-02-17,37600,38100,37400,37950,826736,0.009308510638297962
2017-02-20,38050,38150,37550,37800,489318,-0.0039525691699604515
2017-02-21,38000,38250,37850,38000,607505,0.005291005291005346
2017-02-22,38200,38350,37850,38350,600392,0.009210526315789558
2017-02-23,38450,38550,37850,37850,873087,-0.013037809647979182
2017-02-24,37750,38250,37750,38100,509877,0.006605019815059343
2017-02-27,38150,38500,38100,38250,357844,0.003937007874015741
2017-02-28,38350,38400,37650,38250,687658,0.0
2017-03-02,38400,38400,37000,37100,1528045,-0.030065359477124187
2017-03-03,37050,37100,36350,36500,1108624,-0.016172506738544423
2017-03-06,36600,36750,36300,36550,671571,0.00136986301369868
2017-03-07,36400,37250,36400,36700,558247,0.004103967168262557
2017-03-08,36700,36800,36200,36300,659937,-0.010899182561307952
2017-03-09,36400,36600,36200,36250,725906,-0.0013774104683195176
2017-03-10,36350,36550,36150,36300,722431,0.0013793103448276334
2017-03-13,36300,36750,36300,36450,541493,0.004132231404958775
2017-03-14,36600,36650,36300,36400,858867,-0.00137174211248281
2017-03-15,36500,36550,35950,36100,1010171,-0.008241758241758212
2017-03-16,36600,37150,36550,36950,1157491,0.023545706371191244
2017-03-17,37100,37100,36550,36850,1029997,-0.0027063599458727605
2017-03-20,36950,37050,36700,37000,660581,0.004070556309362372
2017-03-21,37100,38750,37100,38300,2886074,0.03513513513513522
2017-03-22,38150,38150,37350,37450,1492462,-0.022193211488250708
2017-03-23,37700,37700,37200,37300,906163,-0.004005340453938633
2017-03-24,37350,37750,37050,37250,741246,-0.0013404825737265424
2017-03-27,37250,37250,36550,36850,847411,-0.010738255033557076
2017-03-28,36750,37000,36550,36600,645237,-0.006784260515603768
2017-03-29,36750,36750,36200,36350,809626,-0.006830601092896127
2017-03-30,36350,36950,36300,36600,1117146,0.00687757909215958
2017-03-31,36700,37050,36500,37050,919999,0.012295081967213184
2017-04-03,37050,37250,36500,36850,854514,-0.005398110661268607
2017-04-04,36700,36700,36300,36350,902806,-0.013568521031207648
2017-04-05,36350,36400,35800,35950,1661952,-0.011004126547455306
2017-04-06,35850,35950,35700,35850,1077392,-0.0027816411682892728
2017-04-07,35900,36000,35300,35550,1462186,-0.008368200836820106
2017-04-10,35450,35800,35300,35550,914126,0.0
2017-04-11,35400,35600,34950,35000,1303458,-0.015471167369901506
2017-04-12,35100,35250,34950,35100,811308,0.0028571428571428914
2017-04-13,35000,35100,34350,34750,1546551,-0.009971509971509973
2017-04-14,34650,34750,34450,34550,450663,-0.0057553956834532904
2017-04-17,34500,34950,34500,34950,426330,0.011577424023154759
2017-04-18,35150,35200,34650,34700,767155,-0.007153075822603716
2017-04-19,34600,34650,33800,34100,1432562,-0.01729106628242072
2017-04-20,34050,34950,34050,34900,969628,0.02346041055718473
2017-04-21,34900,35100,34600,34850,799297,-0.0014326647564469885
2017-04-24,34850,35200,34600,35200,586018,0.010043041606886627
2017-04-25,35200,35400,35050,35200,919240,0.0
2017-04-26,35450,36150,35300,35900,1506801,0.019886363636363535
2017-04-27,36000,36200,35000,35000,1762837,-0.02506963788300831
2017-04-28,34950,35000,34700,34850,930840,-0.004285714285714337
2017-05-02,34750,35400,34750,35100,911879,0.007173601147776099
2017-05-04,35300,35400,35050,35250,776648,0.004273504273504258
2017-05-08,35250,35800,34900,35750,1362761,0.014184397163120588
2017-05-10,36050,36850,35850,36100,1940540,0.009790209790209836
2017-05-11,36550,36850,36350,36850,1567924,0.020775623268697974
2017-05-12,36900,36900,36350,36500,943358,-0.009497964721845276
2017-05-15,36500,36850,36150,36800,705394,0.008219178082191858
2017-05-16,36800,37100,36700,36900,1000485,0.0027173913043478937
2017-05-17,36900,37150,36600,37150,900724,0.006775067750677488
2017-05-18,36800,38350,36750,38200,2532553,0.02826379542395685
2017-05-19,38300,39000,37500,38800,2569828,0.015706806282722585
2017-05-22,38950,39100,38650,39050,1401137,0.006443298969072142
2017-05-23,38850,39900,38700,39200,1968446,0.003841229193341844
2017-05-24,39200,39450,38650,39000,1067675,-0.005102040816326481
2017-05-25,38950,39350,38800,38950,885639,-0.0012820512820512775
2017-05-26,39000,39150,38550,38850,846512,-0.0025673940949936247
2017-05-29,38950,39500,38850,39250,1147395,0.01029601029601035
2017-05-30,39300,39350,38800,39150,649275,-0.002547770700636942
2017-05-31,39000,39500,38800,39050,1303576,-0.0025542784163473664
2017-06-01,39100,39900,39100,39550,1278738,0.012804097311139628
2017-06-02,39650,39700,38700,39200,1015651,-0.008849557522123908
2017-06-05,39000,39350,38750,38750,662218,-0.011479591836734748
2017-06-07,38600,39000,38400,38850,950177,0.002580645161290418
2017-06-08,39400,39400,38900,39150,1190426,0.007722007722007707
2017-06-09,39250,39250,38700,39000,937583,-0.003831417624521105
2017-06-12,38800,39150,38700,38950,629731,-0.0012820512820512775
2017-06-13,38950,39550,38950,39200,772366,0.006418485237484006
2017-06-14,39650,40350,39400,40100,1686856,0.022959183673469497
2017-06-15,40150,40200,39050,39300,1286703,-0.01995012468827928
2017-06-16,39450,39900,39350,39750,784859,0.011450381679389388
2017-06-19,39750,39850,39050,39750,765629,0.0
2017-06-20,39700,40100,39150,39400,753619,-0.008805031446540879
2017-06-21,39150,39450,38000,38100,1631411,-0.032994923857868064
2017-06-22,38200,38550,38100,38300,737059,0.005249343832020914
2017-06-23,38500,38950,38450,38850,694185,0.01436031331592691
2017-06-26,38800,39000,38450,38650,439880,-0.005148005148005175
2017-06-27,38550,38550,37850,38000,896530,-0.01681759379042691
2017-06-28,38000,38300,37600,37850,749536,-0.003947368421052588
2017-06-29,38000,38450,37800,38150,491434,0.00792602377807139
2017-06-30,38050,38200,37700,38200,457483,0.001310615989515096
2017-07-03,38050,38700,37650,38700,836818,0.01308900523560208
2017-07-04,38650,38650,37650,38000,664796,-0.018087855297157618
2017-07-05,37900,38300,37750,38000,560328,0.0
2017-07-06,37900,38000,37500,37700,482613,-0.007894736842105288
2017-07-07,37400,37600,36650,37300,1097441,-0.010610079575596787
2017-07-10,36900,37200,36400,36700,923440,-0.01608579088471851
2017-07-11,36550,37200,36550,36800,585277,0.0027247956403269047
2017-07-12,37150,37750,36900,37000,629291,0.005434782608695565
2017-07-13,36850,37350,36600,37000,1064153,0.0
2017-07-14,37000,37650,37000,37400,643067,0.0108108108108107
2017-07-17,37700,37850,37400,37600,461334,0.005347593582887722
2017-07-18,37450,37500,36750,37000,967842,-0.015957446808510634
2017-07-19,36950,37300,36800,37050,673100,0.0013513513513514486
2017-07-20,37200,37200,36250,36450,863575,-0.01619433198380571
2017-07-21,36300,36550,36050,36550,660849,0.00274348422496562
2017-07-24,36450,36600,36200,36500,469249,-0.001367989056087593
2017-07-25,36500,37250,36450,36800,837900,0.008219178082191858
2017-07-26,36950,37800,36850,36900,1315344,0.0027173913043478937
2017-07-27,37100,37150,36150,37000,1034849,0.0027100271002709064
2017-07-28,37250,37650,37150,37200,1120427,0.00540540540540535
2017-07-31,37200,37450,36200,36600,1068102,-0.016129032258064502
2017-08-01,36550,37100,36550,36750,584220,0.004098360655737654
2017-08-02,36750,36950,36350,36850,629255,0.0027210884353741083
2017-08-03,36650,37050,36500,36950,903654,0.0027137042062415073
2017-08-04,36850,37750,36500,37600,970114,0.017591339648173276
2017-08-07,37700,37850,37050,37050,793401,-0.0146276595744681
2017-08-08,36650,36750,35350,35400,1904223,-0.04453441295546556
2017-08-09,35300,35700,35300,35500,748381,0.0028248587570620654
2017-08-10,35350,35700,35300,35350,905366,-0.004225352112676051
2017-08-11,35050,35300,34550,35200,1037559,-0.004243281471004279
2017-08-14,35200,36200,35150,35700,673467,0.014204545454545414
2017-08-16,35750,35850,35100,35450,625359,-0.007002801120448154
2017-08-17,35400,35500,34950,35250,622201,-0.005641748942172065
2017-08-18,35300,35550,35200,35350,444990,0.0028368794326241176
2017-08-21,35700,36000,35450,35700,493657,0.00990099009900991
2017-08-22,35800,35800,35500,35500,358362,-0.0056022408963585235
2017-08-23,35400,35650,35050,35200,568516,-0.008450704225352101
2017-08-24,35400,35400,34500,34800,874386,-0.011363636363636354
2017-08-25,34650,35400,34650,35350,523207,0.015804597701149392
2017-08-28,35350,36050,35200,35900,833320,0.01555869872701554
2017-08-29,35750,35850,35400,35750,509170,-0.004178272980501441
2017-08-30,35500,36950,35150,36750,1496778,0.027972027972027913
2017-08-31,36650,37700,35100,35450,3239681,-0.03537414965986396
2017-09-01,35550,35900,35250,35550,878809,0.0028208744710860323
2017-09-04,34950,35700,34900,34900,675046,-0.01828410689170179
2017-09-05,35500,35500,34050,34100,1154411,-0.022922636103151817
2017-09-06,34100,34250,32700,32850,1880937,-0.03665689149560114
2017-09-07,32900,33200,32650,32900,1419566,0.0015220700152207556
2017-09-08,32850,33000,31850,32000,2024307,-0.027355623100303927
2017-09-11,32000,32500,31550,31800,1321613,-0.006249999999999978
2017-09-12,31800,32000,31000,31150,1447182,-0.020440251572327095
2017-09-13,31100,31350,30100,30250,2596516,-0.028892455858748
2017-09-14,30300,30600,30200,30600,1475334,0.011570247933884392
2017-09-15,30400,31050,30350,30900,1114277,0.009803921568627416
2017-09-18,30700,30800,30300,30550,790528,-0.01132686084142398
2017-09-19,30700,31350,30550,31000,1013177,0.014729950900163713
2017-09-20,31250,31550,30900,31350,1115401,0.011290322580645107
2017-09-21,31100,31300,30600,30600,1123282,-0.02392344497607657
2017-09-22,30550,30550,29950,30400,1464136,-0.006535947712418277
2017-09-25,30400,30550,30150,30200,856016,-0.006578947368421018
2017-09-26,30300,31300,30100,30950,1528341,0.024834437086092676
2017-09-27,31150,31800,30900,31450,1304055,0.016155088852988664
2017-09-28,31150,31150,30550,30850,1211584,-0.019077901430842648
2017-09-29,31050,31650,30750,31650,1264540,0.025931928687196182
2017-10-10,31800,32150,31450,31950,1580810,0.009478672985782088
2017-10-11,32300,32800,32050,32550,1453922,0.018779342723004744
2017-10-12,32250,32300,31500,32300,1457383,-0.007680491551459334
2017-10-13,32200,32250,31550,32100,691661,-0.006191950464396245
2017-10-16,32300,32500,31800,32350,705204,0.007788161993769416
2017-10-17,32150,32300,31400,31500,946343,-0.026275115919629055
2017-10-18,31500,33350,31400,32950,1667694,0.04603174603174609
2017-10-19,33000,33750,33000,33250,1329149,0.009104704097116834
2017-10-20,33250,33400,32950,33400,731215,0.004511278195488799
2017-10-23,33200,34200,33200,33850,1136042,0.013473053892215647
2017-10-24,33850,33900,33450,33800,728202,-0.001477104874446078
2017-10-25,33650,33700,32800,33250,1008080,-0.016272189349112454
2017-10-26,33250,34500,33200,34250,1514684,0.03007518796992481
2017-10-27,34550,34800,34100,34400,1166993,0.004379562043795637
2017-10-30,34450,34850,34200,34550,788778,0.0043604651162789665
2017-10-31,34550,35400,34500,35400,1476146,0.02460202604920414
2017-11-01,34800,35400,34700,35350,879238,-0.0014124293785310327
2017-11-02,35000,35200,34800,35150,688959,-0.005657708628005631
2017-11-03,35200,35800,35150,35250,863081,0.002844950213371167
2017-11-06,35250,35400,34650,34900,841321,-0.009929078014184411
2017-11-07,34800,35150,34300,34750,834358,-0.004297994269340966
2017-11-08,34350,35100,34300,34500,695973,-0.007194244604316502
2017-11-09,34500,35050,34450,35000,842642,0.01449275362318847
2017-11-10,34750,35100,34600,34750,622124,-0.0071428571428571175
2017-11-13,34900,35950,34900,35800,1318423,0.030215827338129442
2017-11-14,35900,35950,34950,35050,1033881,-0.020949720670391025
2017-11-15,35000,35600,34900,35000,753474,-0.0014265335235378318
2017-11-16,35000,35000,33900,34200,1040121,-0.02285714285714291
2017-11-17,34050,34100,33650,33850,1025452,-0.010233918128654929
2017-11-20,33600,34000,33250,33750,874017,-0.002954209748892156
2017-11-21,33750,34150,33600,33650,645115,-0.002962962962962945
2017-11-22,33500,34100,33050,33150,1116028,-0.014858841010401136
2017-11-23,33100,33350,32700,33150,1289492,0.0
2017-11-24,33150,33400,32800,33050,773316,-0.003016591251885359
2017-11-27,32800,33050,32450,32750,1318245,-0.009077155824508298
2017-11-28,32650,33450,32450,32950,1350643,0.006106870229007688
2017-11-29,33000,33500,32700,33350,884282,0.012139605462822445
2017-11-30,33700,34250,33500,33650,2048876,0.008995502248875464
2017-12-01,33650,33850,33000,33150,857798,-0.014858841010401136
2017-12-04,33100,33150,32700,33100,585569,-0.0015082956259426794
2017-12-05,33000,33950,33000,33750,782290,0.01963746223564944
2017-12-06,33750,34400,33750,33900,931273,0.004444444444444473
2017-12-07,33900,33950,33200,33250,978272,-0.019174041297935096
2017-12-08,33200,33450,32600,33000,1038301,-0.007518796992481258
2017-12-11,33000,33050,32000,32450,1407108,-0.01666666666666672
2017-12-12,32050,32700,32050,32700,726255,0.007704160246533087
2017-12-13,32700,33100,32450,33100,625442,0.012232415902140747
2017-12-14,33150,33700,32500,32500,1356754,-0.01812688821752262
2017-12-15,32950,33350,32800,33250,981550,0.023076923076922995
2017-12-18,33300,33400,32800,33300,444833,0.0015037593984963404
2017-12-19,33300,33350,32900,33150,623539,-0.0045045045045044585
2017-12-20,33050,33500,33000,33300,729718,0.004524886877828038
2017-12-21,33150,33250,32850,32900,640274,-0.012012012012011963
2017-12-22,33250,33250,32800,33100,805051,0.006079027355623046
2017-12-26,33100,33450,33050,33200,879607,0.0030211480362538623
2017-12-27,32800,33350,32500,33350,662689,0.004518072289156683
2017-12-28,33200,33500,32750,33500,643394,0.004497751124437732
2018-01-02,33000,33100,32550,32800,972622,-0.020895522388059695
2018-01-03,32450,32900,32450,32600,787854,-0.0060975609756097615
2018-01-04,32500,32650,31550,31550,1657605,-0.03220858895705525
2018-01-05,31550,32050,31400,31950,802986,0.01267828843106189
2018-01-08,31900,32400,31850,32400,807776,0.014084507042253502
2018-01-09,32200,32650,32200,32500,695703,0.0030864197530864335
2018-01-10,32450,33150,32400,33050,1078128,0.01692307692307682
2018-01-11,32950,33000,32450,32500,644852,-0.016641452344931973
2018-01-12,32500,32600,32000,32100,846474,-0.012307692307692353
2018-01-15,32000,32250,31700,32050,754784,-0.0015576323987538387
2018-01-16,31950,32850,31950,32650,662985,0.018720748829953227
2018-01-17,32600,33200,32600,32850,751898,0.006125574272588086
2018-01-18,32850,33000,32600,32700,722094,-0.004566210045662156
2018-01-19,32650,34250,32650,34050,1814883,0.041284403669724856
2018-01-22,34000,34700,33600,33750,986254,-0.008810572687224627
2018-01-23,33700,34300,33300,33800,1155073,0.001481481481481417
2018-01-24,33600,33900,33500,33900,714997,0.002958579881656709
2018-01-25,33900,34200,33400,33900,923134,0.0
2018-01-26,33350,33550,32400,33500,1561669,-0.01179941002949858
2018-01-29,33500,34000,33100,33900,975573,0.011940298507462588
2018-01-30,33950,34450,33700,34200,1130200,0.008849557522123908
2018-01-31,33900,34700,33250,34650,1682466,0.013157894736842035
2018-02-01,34300,34650,34050,34350,991076,-0.008658008658008698
2018-02-02,34450,35400,34400,35250,2782820,0.026200873362445476
2018-02-05,35200,35800,34750,34950,1740812,-0.008510638297872353
2018-02-06,34400,34850,33850,34400,1349706,-0.01573676680972813
2018-02-07,34350,34650,33700,34050,1378801,-0.01017441860465118
2018-02-08,34050,34550,33750,33900,1240162,-0.004405286343612369
2018-02-09,33250,33500,32900,33050,1227493,-0.02507374631268433
2018-02-12,33100,33300,32600,32850,1674127,-0.006051437216338829
2018-02-13,32850,33100,32100,32100,1247887,-0.022831050228310557
2018-02-14,32200,32650,32200,32600,697820,0.015576323987538832
2018-02-19,32900,33300,32850,33100,691519,0.015337423312883347
2018-02-20,33050,33250,32650,32800,727987,-0.009063444108761365
2018-02-21,32800,34150,32500,33850,1160172,0.03201219512195119
2018-02-22,33650,34150,33500,33650,821623,-0.005908419497784312
2018-02-23,33900,34150,33450,34000,1023856,0.010401188707280795
2018-02-26,34000,34400,33600,34200,723488,0.00588235294117645
2018-02-27,34400,34800,34300,34450,890367,0.007309941520467822
2018-02-28,34150,34750,34100,34350,1296410,-0.002902757619738794
2018-03-02,33850,34000,33200,33500,986194,-0.024745269286754024
2018-03-05,33150,33500,33150,33400,1032377,-0.0029850746268657025
2018-03-06,33550,34000,33400,34000,954808,0.017964071856287456
2018-03-07,33250,33500,32800,33100,1280357,-0.026470588235294135
2018-03-08,32900,33300,32750,33300,1191978,0.0060422960725075026
2018-03-09,32950,33200,32650,32900,1027323,-0.012012012012011963
2018-03-12,32900,33100,32650,32850,845346,-0.001519756838905817
2018-03-13,32800,32950,32400,32550,1137613,-0.0091324200913242
2018-03-14,32400,32900,32150,32800,772435,0.007680491551459223
2018-03-15,32600,32850,32200,32350,915217,-0.013719512195121908
2018-03-16,32500,32800,32400,32550,957890,0.0061823802163833985
2018-03-19,32350,32350,31350,31400,1730053,-0.03533026113671278
2018-03-20,31450,32100,31100,31950,922985,0.01751592356687892
2018-03-21,31700,32250,31700,31800,904997,-0.0046948356807511304
2018-03-22,31700,32000,31500,31900,1021674,0.003144654088050425
2018-03-23,31450,31550,31100,31300,1229184,-0.018808777429467072
2018-03-26,31250,31650,30850,31450,1225570,0.004792332268370503
2018-03-27,31350,32300,31350,31750,995268,0.009538950715421324
2018-03-28,31700,33150,31600,33000,2116368,0.03937007874015741
2018-03-29,33250,33300,31500,31850,1693857,-0.034848484848484795
2018-03-30,31950,31950,30900,31000,1656357,-0.026687598116169498
2018-04-02,31050,31350,30950,31200,877141,0.006451612903225712
2018-04-03,31200,31900,31000,31750,4535459,0.017628205128205066
2018-04-04,31900,32950,31900,32550,1562430,0.025196850393700787
2018-04-05,32650,32850,31800,32350,921885,-0.006144393241167445
2018-04-06,32300,32350,31850,32050,708856,-0.009273570324574987
2018-04-09,31650,31800,31400,31700,961594,-0.010920436817472678
2018-04-10,31550,32300,31450,32250,808919,0.017350157728706517
2018-04-11,31900,32150,31700,31800,762919,-0.013953488372092981
2018-04-12,31850,32050,31600,31650,919338,-0.004716981132075526
2018-04-13,31650,31800,31050,31250,1072078,-0.012638230647709303
2018-04-16,31450,31450,31100,31350,363408,0.0032000000000000917
2018-04-17,31350,31800,31350,31450,647871,0.0031897926634769647
2018-04-18,31600,31800,31550,31700,668678,0.007949125596184325
2018-04-19,31550,31650,31200,31200,927700,-0.01577287066246058
2018-04-20,31100,31400,31050,31350,868894,0.004807692307692291
2018-04-23,31250,31400,31050,31350,624642,0.0
2018-04-24,31450,31750,31250,31400,725676,0.0015948963317384823
2018-04-25,31250,31350,31100,31350,763079,-0.0015923566878981443
2018-04-26,31300,31550,30950,31050,1283463,-0.009569377990430672
2018-04-27,31050,32250,30900,32200,2003430,0.03703703703703698
2018-04-30,32250,33100,32000,33100,1718956,0.02795031055900621
2018-05-02,32800,33350,32500,33050,1411592,-0.0015105740181269312
2018-05-03,33300,34250,33300,33900,2148729,0.02571860816944027
2018-05-04,33550,34200,33250,33750,1094401,-0.004424778761061954
2018-05-08,34150,34850,33600,33850,1196557,0.002962962962963056
2018-05-09,33900,34400,33250,33550,1051189,-0.008862629246676468
2018-05-10,33600,34000,33000,33450,961506,-0.0029806259314456574
2018-05-11,33400,34000,33350,33900,625870,0.013452914798206317
2018-05-14,33900,34300,33500,33750,462713,-0.004424778761061954
2018-05-15,33600,34150,33450,33600,608920,-0.004444444444444473
2018-05-16,33200,33700,33150,33700,448408,0.0029761904761904656
2018-05-17,33700,34000,33450,33500,531494,-0.005934718100890191
2018-05-18,33200,33750,33200,33750,392847,0.00746268656716409
2018-05-21,33800,34200,33750,33950,470372,0.00592592592592589
2018-05-23,33850,34150,33650,33650,877839,-0.008836524300441795
2018-05-24,33450,33450,32100,32700,1750711,-0.02823179791976227
2018-05-25,32550,32750,32000,32250,796582,-0.013761467889908285
2018-05-28,32450,32500,31900,32300,721091,0.0015503875968991832
2018-05-29,32250,32400,31600,31650,896720,-0.020123839009287936
2018-05-30,31450,31950,31400,31700,885930,0.0015797788309637184
2018-05-31,31750,31900,31150,31150,1468344,-0.017350157728706628
2018-06-01,31100,32000,31050,31900,711852,0.024077046548956593
2018-06-04,32300,34000,31950,33750,2204733,0.057993730407523536
2018-06-05,33850,33850,33050,33100,866388,-0.01925925925925931
2018-06-07,33100,33400,32900,33400,850478,0.009063444108761365
2018-06-08,33200,33650,33000,33100,528757,-0.008982035928143728
2018-06-11,32700,32800,32150,32600,774101,-0.015105740181268867
2018-06-12,32750,33750,32700,32850,883302,0.0076687116564417845
2018-06-14,32900,33200,32000,32250,1287966,-0.0182648401826484
2018-06-15,32650,32650,32100,32200,973900,-0.0015503875968991832
2018-06-18,32400,32650,31800,32000,943066,-0.006211180124223614
2018-06-19,31750,32450,31650,31700,1333798,-0.009375000000000022
2018-06-20,31700,31800,31150,31500,961979,-0.006309148264984188
2018-06-21,31400,31550,30600,30800,1446930,-0.022222222222222254
2018-06-22,30450,31300,30450,31300,807862,0.016233766233766156
2018-06-25,31200,31550,30750,31450,716331,0.004792332268370503
2018-06-26,31250,32000,31050,31950,889527,0.015898251192368873
2018-06-27,31750,32050,30850,31000,892836,-0.029733959311424085
2018-06-28,30700,30800,30550,30700,753413,-0.009677419354838679
2018-06-29,30750,30900,30550,30850,629008,0.004885993485342022
2018-07-02,30850,31100,30650,30800,886262,-0.0016207455429497752
2018-07-03,30850,31200,30800,30950,763678,0.004870129870129913
2018-07-04,30550,30700,29450,29550,1614173,-0.04523424878836835
2018-07-05,29550,29850,29500,29700,855468,0.0050761421319796
2018-07-06,30100,31250,30050,31050,1366055,0.045454545454545414
2018-07-09,30900,31400,30800,31400,579067,0.011272141706924366
2018-07-10,31100,31350,31000,31100,594046,-0.009554140127388533
2018-07-11,30800,31200,30600,30900,642802,-0.006430868167202619
2018-07-12,31350,31850,31000,31350,1177320,0.014563106796116498
2018-07-13,31350,31700,31250,31450,597254,0.0031897926634769647
2018-07-16,31100,32450,31100,31950,750886,0.015898251192368873
2018-07-17,31850,32400,31850,32400,923642,0.014084507042253502
2018-07-18,32250,32450,31600,31600,557572,-0.024691358024691357
2018-07-19,31600,32350,31600,31900,658848,0.009493670886076
2018-07-20,31800,32550,31400,32200,648184,0.00940438871473348
2018-07-23,32250,32850,32200,32500,757274,0.009316770186335477
2018-07-24,32500,32500,31450,31800,1057229,-0.021538461538461506
2018-07-25,31500,32300,31500,32200,723368,0.012578616352201255
2018-07-26,32600,32700,31800,31850,697126,-0.010869565217391353
2018-07-27,32350,32700,31800,31950,637245,0.0031397174254317317
2018-07-30,31650,32000,31550,31700,411187,-0.007824726134585291
2018-07-31,31800,31950,31500,31700,636196,0.0
2018-08-01,31650,31950,31500,31750,392523,0.001577287066246047
2018-08-02,31650,32000,31000,31050,442787,-0.022047244094488216
2018-08-03,31300,31350,30950,31000,498014,-0.0016103059581320522
2018-08-06,31000,31900,31000,31600,422009,0.019354838709677358
2018-08-07,31350,31950,31350,31850,605808,0.007911392405063333
2018-08-08,31700,32250,31700,32150,486438,0.009419152276295195
2018-08-09,32050,32050,31350,32050,823101,-0.0031104199066873672
2018-08-10,32000,32500,31800,32250,495175,0.006240249609984483
2018-08-13,32250,32550,31850,32300,647050,0.0015503875968991832
2018-08-14,32400,32450,31500,31500,751339,-0.024767801857585092
2018-08-16,31800,32400,31600,32400,907383,0.02857142857142847
2018-08-17,32100,32250,31900,32100,411850,-0.0092592592592593
2018-08-20,32450,32500,31950,32300,538833,0.006230529595015577
2018-08-21,32300,32550,32000,32250,866035,-0.001547987616099089
2018-08-22,32000,32200,31850,32050,673645,-0.006201550387596955
2018-08-23,31900,32100,31400,31650,723171,-0.012480499219968744
2018-08-24,31450,31650,31100,31250,661605,-0.012638230647709303
2018-08-27,31300,31650,31250,31500,459652,0.008000000000000007
2018-08-28,32000,32600,31750,32000,949561,0.015873015873015817
2018-08-29,32100,32150,31650,31850,441626,-0.004687499999999956
2018-08-30,31800,32200,31700,32150,585921,0.009419152276295195
2018-08-31,32200,32250,31700,32050,593611,-0.0031104199066873672
2018-09-03,31900,32100,31600,31800,496108,-0.007800312012480548
2018-09-04,31500,31850,31350,31600,626091,-0.0062893081761006275
2018-09-05,31550,32750,31500,32200,1230558,0.018987341772152
2018-09-06,32450,34300,32450,33650,2459792,0.045031055900621064
2018-09-07,34000,34850,33900,34250,1932977,0.017830609212481363
2018-09-10,34300,34800,33800,34000,1567256,-0.007299270072992692
2018-09-11,33850,34100,33550,34050,1005202,0.0014705882352941124
2018-09-12,34300,34500,34100,34400,798499,0.010279001468428861
2018-09-13,34500,34600,34050,34150,968863,-0.007267441860465129
2018-09-14,34350,34350,33700,34050,755918,-0.002928257686676372
2018-09-17,34050,34350,33950,34050,530408,0.0
2018-09-18,34000,34550,33850,34500,1220023,0.013215859030837107
2018-09-19,34700,34700,34350,34550,953915,0.0014492753623187582
2018-09-20,34750,35500,34600,34850,1453514,0.00868306801736618
2018-09-21,35350,35350,34300,34550,920394,-0.008608321377331474
2018-09-27,35600,35600,34500,35250,1534142,0.02026049204052094
2018-09-28,35250,35450,34750,35100,1119501,-0.004255319148936176
2018-10-01,35150,35200,34100,34350,809354,-0.021367521367521403
2018-10-02,34500,34950,34400,34750,884414,0.011644832605531397
2018-10-04,35200,35200,33650,33700,1232835,-0.030215827338129442
2018-10-05,33750,34450,33400,34200,934563,0.014836795252225476
2018-10-08,34150,34700,33750,33900,692152,-0.00877192982456143
2018-10-10,34000,34600,33450,33850,1219475,-0.001474926253687281
2018-10-11,33400,34100,32700,33100,1268379,-0.02215657311669128
2018-10-12,33100,33600,32600,33250,1123867,0.004531722054380571
2018-10-15,32700,32700,30700,31100,2038170,-0.06466165413533831
2018-10-16,31000,31450,30700,31300,936512,0.006430868167202508
2018-10-17,31600,31600,30750,30800,972510,-0.015974440894568676
2018-10-18,30700,30850,29400,29700,2081735,-0.0357142857142857
2018-10-19,29500,30000,29150,29400,1299726,-0.010101010101010055
2018-10-22,29400,29650,29050,29450,776169,0.001700680272108901
2018-10-23,29250,29400,28150,28350,1294400,-0.0373514431239389
2018-10-24,28650,28900,28400,28700,1308484,0.012345679012345734
2018-10-25,28250,28500,26200,27000,2557751,-0.059233449477351874
2018-10-26,27100,28250,26950,27850,2398627,0.031481481481481444
2018-10-29,28100,28650,27900,28000,1625566,0.0053859964093356805
2018-10-30,28000,28650,27900,27900,930916,-0.0035714285714285587
2018-10-31,27550,28400,27100,28400,1307731,0.017921146953405076
2018-11-01,28300,28900,28000,28700,880304,0.010563380281690238
2018-11-02,28950,29600,28800,29550,1172517,0.029616724738676048
2018-11-05,29100,29300,27900,28300,1176599,-0.04230118443316411
2018-11-06,28400,29150,27950,28950,731872,0.0229681978798586
2018-11-07,28850,28900,28350,28550,854207,-0.013816925734024155
2018-11-08,29000,29250,28500,28500,876378,-0.0017513134851138146
2018-11-09,28450,29400,28450,28850,653655,0.012280701754386003
2018-11-12,28900,29150,28100,28250,624865,-0.020797227036395194
2018-11-13,28200,28300,27700,28300,717446,0.001769911504424737
2018-11-14,28200,28950,28200,28950,685812,0.0229681978798586
2018-11-15,28900,29950,28550,29950,1061670,0.0345423143350605
2018-11-16,29850,29850,29300,29500,692812,-0.015025041736227096
2018-11-19,29050,30050,29050,29700,599776,0.006779661016949046
2018-11-20,29850,29900,28050,28300,1109399,-0.047138047138047146
2018-11-21,28050,29050,27750,28950,801321,0.0229681978798586
2018-11-22,28850,28900,27100,27500,1219813,-0.050086355785837644
2018-11-23,27500,27750,27300,27750,483649,0.009090909090909038
2018-11-26,27900,28800,27800,28700,881362,0.03423423423423433
2018-11-27,28700,29650,28550,29450,814625,0.026132404181184565
2018-11-28,29450,29850,29050,29850,785499,0.013582342954159499
2018-11-29,29900,30150,29200,29450,827440,-0.01340033500837523
2018-11-30,29750,30750,29750,30500,1443231,0.035653650254668934
2018-12-03,30900,31000,30200,30400,539413,-0.003278688524590123
2018-12-04,30350,30750,29600,30450,724594,0.00164473684210531
2018-12-05,30200,30650,30000,30600,408467,0.0049261083743843415
2018-12-06,30800,31050,30500,30950,852936,0.011437908496731986
2018-12-07,31000,31100,30350,30950,657527,0.0
2018-12-10,30200,31000,30150,31000,488820,0.001615508885298933
2018-12-11,30700,31450,30450,31400,596697,0.012903225806451646
2018-12-12,31500,32900,31450,32350,1680688,0.030254777070063632
2018-12-13,32400,33450,32050,33450,1756038,0.03400309119010814
2018-12-14,33450,33650,32450,32500,1019205,-0.02840059790732441
2018-12-17,32550,33300,31900,33100,876455,0.01846153846153853
2018-12-18,33450,33750,32350,33700,928951,0.01812688821752273
2018-12-19,33750,34100,33550,33800,755284,0.0029673590504450953
2018-12-20,33400,34200,32950,33800,780680,0.0
2018-12-21,33950,34000,33450,33850,918578,0.0014792899408284654
2018-12-24,33850,34000,33200,33500,727995,-0.010339734121122546
2018-12-26,33100,33800,32650,33400,1153454,-0.0029850746268657025
2018-12-27,32850,33500,32350,33050,731053,-0.010479041916167664
2018-12-28,33200,33900,33150,33700,652573,0.01966717095310133
2019-01-02,33450,33650,32300,32800,478590,-0.02670623145400597
2019-01-03,32600,33100,31800,32850,924910,0.0015243902439023849
2019-01-04,33100,35000,32900,34850,1573507,0.060882800608828
2019-01-07,34850,35000,34200,34200,773118,-0.0186513629842181
2019-01-08,34900,34900,33550,33800,1013744,-0.011695906432748537
2019-01-09,33900,35000,33800,34800,840360,0.029585798816567976
2019-01-10,34300,34600,33850,34300,1015367,-0.014367816091954033
2019-01-11,34000,34300,33550,33950,916827,-0.010204081632653073
2019-01-14,33600,34300,33500,33800,728776,-0.004418262150220897
2019-01-15,33800,34900,33800,34550,1033143,0.022189349112426093
2019-01-16,34300,34900,33950,34850,607592,0.00868306801736618
2019-01-17,34250,35000,34250,34950,676580,0.0028694404591105283
2019-01-18,34950,35800,34750,35800,1154258,0.024320457796852546
2019-01-21,35800,36450,35100,35350,857815,-0.012569832402234637
2019-01-22,35000,35850,35000,35850,978878,0.014144271570014189
2019-01-23,36050,36550,35800,36550,1134420,0.019525801952580135
2019-01-24,36000,36650,35400,36650,1262251,0.002735978112175186
2019-01-25,35800,36550,35600,35750,1407337,-0.024556616643929052
